transaction_id,account_id,transaction_date,transaction_type,transaction_amount,channel,merchant_category,description,post_date,currency_code,account_type,customer_id,customer_segment,region_code,branch_id,pre_txn_balance,post_txn_balance,risk_rating,running_balance
T000000001,A00000004,2024-01-31,REF,1804.93,WIRE,4900,REF MOBILE REF714480,2024-01-31,USD,MTG,C0000003,RET,W,B032,360901.23,362706.16,5,362706.16
T000000002,A00000004,2024-01-31,CHG,12,WIRE,5912,CHG POS REF624164,2024-01-31,USD,MTG,C0000003,RET,W,B032,360901.23,360889.23,5,362694.16
T000000003,A00000004,2024-01-31,CHG,25,BRANCH,7011,CHG ACH REF252284,2024-01-31,USD,MTG,C0000003,RET,W,B032,360901.23,360876.23,5,362669.16
T000000004,A00000004,2024-01-31,FEE,25,MOBILE,5912,FEE ACH REF937507,2024-01-31,USD,MTG,C0000003,RET,W,B032,360901.23,360876.23,5,362644.16
T000000005,A00000004,2024-01-31,PMT,1181.39,POS,5912,PMT BRANCH REF912872,2024-01-31,USD,MTG,C0000003,RET,W,B032,360901.23,359719.83999999997,5,361462.76999999996
T000000006,A00000004,2024-01-31,CHG,9.95,ACH,5812,CHG ATM REF610525,2024-01-31,USD,MTG,C0000003,RET,W,B032,360901.23,360891.27999999997,5,361452.81999999995
T000000007,A00000005,2024-01-31,INT,93.14,BRANCH,5912,INT BRANCH REF805512,2024-01-31,USD,HELC,C0000003,RET,W,B035,55331.94,55425.08,5,55425.08
T000000008,A00000005,2024-01-31,FEE,35,ONLINE,7011,FEE ONLINE REF590257,2024-01-31,USD,HELC,C0000003,RET,W,B035,55331.94,55296.94,5,55390.08
T000000009,A00000005,2024-01-31,FEE,3,WIRE,5541,FEE ATM REF114956,2024-01-31,USD,HELC,C0000003,RET,W,B035,55331.94,55328.94,5,55387.08
T000000010,A00000005,2024-01-31,PMT,711.05,ACH,5812,PMT ACH REF458111,2024-01-31,USD,HELC,C0000003,RET,W,B035,55331.94,54620.89,5,54676.03
T000000011,A00000005,2024-01-31,PMT,626.8,BRANCH,5541,PMT BRANCH REF553524,2024-01-31,USD,HELC,C0000003,RET,W,B035,55331.94,54705.14,5,54049.229999999996
T000000012,A00000005,2024-01-31,PMT,688.99,MOBILE,7011,PMT WIRE REF397082,2024-01-31,USD,HELC,C0000003,RET,W,B035,55331.94,54642.950000000004,5,53360.24
T000000013,A00000008,2024-01-31,INT,145.9,POS,5812,INT WIRE REF256179,2024-01-31,USD,CC,C0000005,SMB,NE,B033,807.31,953.2099999999999,1,953.2099999999999
T000000014,A00000008,2024-01-31,PMT,1629,ATM,0000,PMT WIRE REF708145,2024-01-31,USD,CC,C0000005,SMB,NE,B033,807.31,-821.69,1,-675.7900000000001
T000000015,A00000008,2024-01-31,WDR,2700.45,WIRE,5812,INT ACH REF856473,2024-01-31,USD,CC,C0000005,SMB,NE,B033,807.31,-1893.1399999999999,1,-3376.24
T000000016,A00000009,2024-01-31,TRF,305.22,MOBILE,5411,TRF ACH REF280271,2024-01-31,USD,CHK,C0000005,SMB,NE,B017,12997.97,13303.189999999999,1,13303.189999999999
T000000017,A00000010,2024-01-31,PMT,1904.99,POS,5812,PMT ACH REF794467,2024-01-31,USD,MTG,C0000005,SMB,NE,B028,518416.04,516511.05,1,516511.05
T000000018,A00000010,2024-01-31,PMT,1126.82,WIRE,6011,PMT ONLINE REF827225,2024-01-31,USD,MTG,C0000005,SMB,NE,B028,518416.04,517289.22,1,515384.23
T000000019,A00000010,2024-01-31,CHG,3,POS,5541,CHG ATM REF567784,2024-01-31,USD,MTG,C0000005,SMB,NE,B028,518416.04,518413.04,1,515381.23
T000000020,A00000011,2024-01-31,CHG,9.95,WIRE,6011,CHG POS REF260049,2024-01-31,USD,CC,C0000006,PREM,NW,B046,2422.58,2412.63,7,2412.63
T000000021,A00000013,2024-01-31,INT,181.71,ONLINE,6011,INT ONLINE REF730581,2024-01-31,USD,CHK,C0000008,SMB,MW,B048,3558.15,3739.86,4,3739.86
T000000022,A00000013,2024-01-31,WDR,247.17,POS,5541,WDR ATM REF291541,2024-01-31,USD,CHK,C0000008,SMB,MW,B048,3558.15,3310.98,4,3492.69
T000000023,A00000015,2024-01-31,WDR,190.97,MOBILE,5541,WDR MOBILE REF299245,2024-01-31,USD,IRA,C0000010,SMB,SE,B038,21945.01,21754.039999999997,3,21754.039999999997
T000000024,A00000016,2024-01-31,FEE,25,MOBILE,5541,FEE MOBILE REF435918,2024-01-31,USD,CD,C0000011,SMB,SW,B032,15204.96,15179.96,2,15179.96
T000000025,A00000018,2024-01-31,TRF,-40.81,WIRE,6011,TRF POS REF941118,2024-01-31,USD,CHK,C0000012,RET,W,B028,2366.27,2325.46,1,2325.46
T000000026,A00000020,2024-01-31,WDR,110.39,POS,5812,WDR ATM REF396252,2024-02-01,USD,SAV,C0000013,PREM,SE,B039,557.47,447.08000000000004,5,447.08000000000004
T000000027,A00000021,2024-01-31,FEE,12,BRANCH,5541,FEE BRANCH REF837813,2024-02-01,USD,PERS,C0000013,PREM,SE,B044,2068.19,2056.19,5,2056.19
T000000028,A00000021,2024-01-31,CHG,12,ACH,5411,CHG ACH REF713799,2024-01-31,USD,PERS,C0000013,PREM,SE,B044,2068.19,2056.19,5,2044.19
T000000029,A00000021,2024-01-31,PMT,3054.53,ACH,5912,PMT ACH REF880813,2024-01-31,USD,PERS,C0000013,PREM,SE,B044,2068.19,-986.3400000000001,5,-1010.3400000000001
T000000030,A00000022,2024-01-31,DEP,49.36,ONLINE,5541,DEP ACH REF978986,2024-01-31,USD,CD,C0000014,CORP,NE,B019,18142.28,18191.64,3,18191.64
T000000031,A00000023,2024-01-31,CHG,12,BRANCH,5912,CHG ATM REF228810,2024-01-31,USD,MTG,C0000014,CORP,NE,B006,127409.93,127397.93,3,127397.93
T000000032,A00000023,2024-01-31,PMT,1701.3,ATM,5812,PMT ACH REF163434,2024-02-01,USD,MTG,C0000014,CORP,NE,B006,127409.93,125708.62999999999,3,125696.62999999999
T000000033,A00000023,2024-01-31,CHG,9.95,BRANCH,5812,CHG MOBILE REF230588,2024-02-01,USD,MTG,C0000014,CORP,NE,B006,127409.93,127399.98,3,125686.68
T000000034,A00000025,2024-01-31,FEE,35,ATM,4900,FEE MOBILE REF875649,2024-01-31,USD,IRA,C0000015,RET,MW,B014,11042.98,11007.98,3,11007.98
T000000035,A00000025,2024-01-31,DEP,1737.46,POS,5812,DEP ONLINE REF506127,2024-01-31,USD,IRA,C0000015,RET,MW,B014,11042.98,12780.439999999999,3,12745.439999999999
T000000036,A00000026,2024-01-31,INT,48.67,BRANCH,5912,INT ATM REF767309,2024-01-31,USD,MTG,C0000015,RET,MW,B013,787669.93,787718.6000000001,3,787718.6000000001
T000000037,A00000027,2024-01-31,WDR,98.33,ATM,5541,WDR ATM REF148296,2024-02-01,USD,CHK,C0000016,RET,W,B035,511.59,413.26,2,413.26
T000000038,A00000027,2024-01-31,TRF,-128.98,ATM,7011,TRF ACH REF394642,2024-01-31,USD,CHK,C0000016,RET,W,B035,511.59,382.61,2,284.28
T000000039,A00000027,2024-01-31,WDR,526.63,POS,4900,WDR WIRE REF664483,2024-01-31,USD,CHK,C0000016,RET,W,B035,511.59,-15.04000000000002,2,-242.35000000000002
T000000040,A00000031,2024-01-31,TRF,-408.59,POS,4900,TRF ATM REF662228,2024-02-01,USD,CHK,C0000018,RET,MW,B023,98916.75,98508.16,1,98508.16
T000000041,A00000031,2024-01-31,DEP,47.29,ATM,6011,DEP ONLINE REF459641,2024-01-31,USD,CHK,C0000018,RET,MW,B023,98916.75,98964.04,1,98555.45
T000000042,A00000032,2024-01-31,DEP,361.26,MOBILE,5812,DEP WIRE REF957974,2024-01-31,USD,CHK,C0000018,RET,MW,B016,1021.52,1382.78,1,1382.78
T000000043,A00000032,2024-01-31,DEP,36.96,WIRE,7011,DEP ATM REF886824,2024-01-31,USD,CHK,C0000018,RET,MW,B016,1021.52,1058.48,1,1419.74
T000000044,A00000033,2024-01-31,CHG,9.95,WIRE,7011,CHG ONLINE REF697369,2024-01-31,USD,AUTO,C0000018,RET,MW,B013,40503.4,40493.450000000004,1,40493.450000000004
T000000045,A00000033,2024-01-31,FEE,3,MOBILE,5812,FEE ONLINE REF943064,2024-01-31,USD,AUTO,C0000018,RET,MW,B013,40503.4,40500.4,1,40490.450000000004
T000000046,A00000033,2024-01-31,FEE,12,ATM,0000,FEE WIRE REF725264,2024-01-31,USD,AUTO,C0000018,RET,MW,B013,40503.4,40491.4,1,40478.450000000004
T000000047,A00000034,2024-01-31,DEP,7.52,BRANCH,7011,DEP ACH REF371009,2024-01-31,USD,SAV,C0000018,RET,MW,B018,152004.63,152012.15,1,152012.15
T000000048,A00000034,2024-01-31,WDR,140.44,POS,5912,WDR MOBILE REF857346,2024-01-31,USD,SAV,C0000018,RET,MW,B018,152004.63,151864.19,1,151871.71
T000000049,A00000034,2024-01-31,DEP,7.15,ONLINE,5541,DEP ATM REF576305,2024-01-31,USD,SAV,C0000018,RET,MW,B018,152004.63,152011.78,1,151878.86
T000000050,A00000035,2024-01-31,PMT,2089.52,ACH,5812,PMT ATM REF258234,2024-01-31,USD,AUTO,C0000019,PB,NW,B008,33340.88,31251.359999999997,3,31251.359999999997
T000000051,A00000035,2024-01-31,PMT,412.91,BRANCH,5812,PMT BRANCH REF868983,2024-01-31,USD,AUTO,C0000019,PB,NW,B008,33340.88,32927.969999999994,3,30838.449999999997
T000000052,A00000035,2024-01-31,PMT,368.81,BRANCH,4900,PMT WIRE REF847988,2024-01-31,USD,AUTO,C0000019,PB,NW,B008,33340.88,32972.07,3,30469.639999999996
T000000053,A00000036,2024-01-31,REF,2973.37,ACH,4900,REF POS REF334645,2024-01-31,USD,MTG,C0000019,PB,NW,B014,309131.92,312105.29,3,312105.29
T000000054,A00000037,2024-01-31,DEP,29.21,ACH,5541,DEP MOBILE REF516217,2024-01-31,USD,CHK,C0000020,RET,MW,B026,3794,3823.21,2,3823.21
T000000055,A00000039,2024-01-31,WDR,466.74,ATM,4900,WDR WIRE REF958823,2024-01-31,USD,CHK,C0000022,RET,SE,B019,2913.01,2446.2700000000004,1,2446.2700000000004
T000000056,A00000039,2024-01-31,DEP,43.75,POS,7011,DEP ATM REF916181,2024-01-31,USD,CHK,C0000022,RET,SE,B019,2913.01,2956.76,1,2490.0200000000004
T000000057,A00000039,2024-01-31,FEE,12,POS,6011,FEE BRANCH REF129720,2024-01-31,USD,CHK,C0000022,RET,SE,B019,2913.01,2901.01,1,2478.0200000000004
T000000058,A00000040,2024-01-31,TRF,7.33,ONLINE,5812,TRF ATM REF669608,2024-01-31,USD,CHK,C0000023,RET,NE,B021,13036.63,13043.96,2,13043.96
T000000059,A00000040,2024-01-31,WDR,25.24,BRANCH,5541,WDR ACH REF571286,2024-01-31,USD,CHK,C0000023,RET,NE,B021,13036.63,13011.39,2,13018.72
T000000060,A00000040,2024-01-31,TRF,139.39,ONLINE,7011,TRF ATM REF234199,2024-01-31,USD,CHK,C0000023,RET,NE,B021,13036.63,13176.019999999999,2,13158.109999999999
T000000061,A00000042,2024-01-31,PMT,1671.81,ATM,5812,PMT MOBILE REF814104,2024-01-31,USD,CC,C0000024,RET,W,B017,5639.76,3967.9500000000003,6,3967.9500000000003
T000000062,A00000042,2024-01-31,PMT,80.54,ONLINE,0000,PMT ATM REF553127,2024-01-31,USD,CC,C0000024,RET,W,B017,5639.76,5559.22,6,3887.4100000000003
T000000063,A00000043,2024-01-31,DEP,43.19,POS,0000,DEP POS REF327100,2024-01-31,USD,CHK,C0000024,RET,W,B009,1168.46,1211.65,6,1211.65
T000000064,A00000044,2024-01-31,DEP,17.21,ONLINE,0000,DEP POS REF811231,2024-01-31,USD,IRA,C0000024,RET,W,B019,210152.84,210170.05,6,210170.05
T000000065,A00000044,2024-01-31,DEP,2178.42,BRANCH,6011,DEP MOBILE REF199798,2024-01-31,USD,IRA,C0000024,RET,W,B019,210152.84,212331.26,6,212348.47
T000000066,A00000046,2024-01-31,DEP,202.14,ACH,5812,DEP WIRE REF314488,2024-01-31,USD,CHK,C0000026,RET,NW,B009,5288.84,5490.9800000000005,2,5490.9800000000005
T000000067,A00000047,2024-01-31,CHG,9.95,ACH,5912,CHG MOBILE REF162435,2024-01-31,USD,MTG,C0000026,RET,NW,B013,132118.72,132108.77,2,132108.77
T000000068,A00000048,2024-01-31,WDR,116.64,ATM,4900,WDR BRANCH REF997533,2024-01-31,USD,SAV,C0000026,RET,NW,B017,1379.74,1263.1,2,1263.1
T000000069,A00000048,2024-01-31,TRF,-12.28,MOBILE,6011,TRF ACH REF227185,2024-01-31,USD,SAV,C0000026,RET,NW,B017,1379.74,1367.46,2,1250.82
T000000070,A00000049,2024-01-31,PMT,1933.37,ONLINE,5411,PMT ONLINE REF557602,2024-01-31,USD,MTG,C0000027,PREM,SE,B040,542753.55,540820.18,4,540820.18
T000000071,A00000052,2024-01-31,PMT,1022.72,BRANCH,5912,PMT BRANCH REF341358,2024-01-31,USD,AUTO,C0000028,PREM,NW,B018,32871.53,31848.809999999998,5,31848.809999999998
T000000072,A00000052,2024-01-31,CHG,12,ONLINE,6011,CHG BRANCH REF557206,2024-01-31,USD,AUTO,C0000028,PREM,NW,B018,32871.53,32859.53,5,31836.809999999998
T000000073,A00000052,2024-01-31,PMT,530.29,ONLINE,6011,PMT BRANCH REF571883,2024-01-31,USD,AUTO,C0000028,PREM,NW,B018,32871.53,32341.239999999998,5,31306.519999999997
T000000074,A00000053,2024-01-31,INT,58.37,POS,5912,INT WIRE REF838182,2024-01-31,USD,MTG,C0000028,PREM,NW,B011,492287.19,492345.56,5,492345.56
T000000075,A00000053,2024-01-31,CHG,3,BRANCH,5812,CHG POS REF452951,2024-01-31,USD,MTG,C0000028,PREM,NW,B011,492287.19,492284.19,5,492342.56
T000000076,A00000054,2024-01-31,INT,160.55,ACH,7011,INT ACH REF405770,2024-01-31,USD,CC,C0000028,PREM,NW,B047,3865.5,4026.05,5,4026.05
T000000077,A00000054,2024-01-31,PMT,121.15,MOBILE,0000,PMT ACH REF914731,2024-01-31,USD,CC,C0000028,PREM,NW,B047,3865.5,3744.35,5,3904.9
T000000078,A00000055,2024-01-31,PMT,1403.33,ATM,7011,PMT ONLINE REF834881,2024-02-01,USD,CC,C0000029,PB,NW,B022,5691.97,4288.64,4,4288.64
T000000079,A00000055,2024-01-31,CHG,12,WIRE,5411,CHG MOBILE REF594341,2024-01-31,USD,CC,C0000029,PB,NW,B022,5691.97,5679.97,4,4276.64
T000000080,A00000057,2024-01-31,PMT,1590.42,POS,5912,PMT MOBILE REF193171,2024-01-31,USD,CC,C0000030,RET,NE,B048,6377.04,4786.62,2,4786.62
T000000081,A00000058,2024-01-31,INT,223.19,BRANCH,5912,INT POS REF649758,2024-01-31,USD,CC,C0000031,COMM,W,B022,4454.81,4678,5,4678
T000000082,A00000058,2024-01-31,CHG,3,BRANCH,6011,CHG ONLINE REF779766,2024-01-31,USD,CC,C0000031,COMM,W,B022,4454.81,4451.81,5,4675
T000000083,A00000059,2024-01-31,CHG,9.95,POS,5812,CHG ONLINE REF110586,2024-01-31,USD,HELC,C0000031,COMM,W,B018,40979.73,40969.780000000006,5,40969.780000000006
T000000084,A00000060,2024-01-31,DEP,94.4,BRANCH,4900,DEP BRANCH REF565281,2024-01-31,USD,CHK,C0000032,CORP,NW,B034,2118.96,2213.36,1,2213.36
T000000085,A00000060,2024-01-31,DEP,93,WIRE,5541,DEP ACH REF453961,2024-01-31,USD,CHK,C0000032,CORP,NW,B034,2118.96,2211.96,1,2306.36
T000000086,A00000061,2024-01-31,CHG,25,BRANCH,4900,CHG WIRE REF437469,2024-02-01,USD,CC,C0000033,PREM,SW,B023,1926.06,1901.06,2,1901.06
T000000087,A00000063,2024-01-31,PMT,323.15,POS,5912,PMT ACH REF796727,2024-01-31,USD,MTG,C0000034,RET,SE,B024,502286.75,501963.6,4,501963.6
T000000088,A00000063,2024-01-31,ADJ,-307.78,ONLINE,6011,ADJ POS REF326615,2024-01-31,USD,MTG,C0000034,RET,SE,B024,502286.75,501978.97,4,501655.81999999995
T000000089,A00000063,2024-01-31,INT,162.9,ACH,5411,INT ATM REF809155,2024-01-31,USD,MTG,C0000034,RET,SE,B024,502286.75,502449.65,4,501818.72
T000000090,A00000064,2024-01-31,WDR,146.74,BRANCH,5812,WDR ATM REF547937,2024-01-31,USD,IRA,C0000034,RET,SE,B015,29272.95,29126.21,4,29126.21
T000000091,A00000064,2024-01-31,REV,3.23,BRANCH,5912,REV BRANCH REF502940,2024-01-31,USD,IRA,C0000034,RET,SE,B015,29272.95,29276.18,4,29129.44
T000000092,A00000064,2024-01-31,DEP,136.1,BRANCH,5912,DEP POS REF771915,2024-01-31,USD,IRA,C0000034,RET,SE,B015,29272.95,29409.05,4,29265.539999999997
T000000093,A00000064,2024-01-31,WDR,47.93,MOBILE,5812,WDR ONLINE REF806389,2024-01-31,USD,IRA,C0000034,RET,SE,B015,29272.95,29225.02,4,29217.609999999997
T000000094,A00000064,2024-01-31,REV,35.98,BRANCH,5411,REV ONLINE REF829566,2024-01-31,USD,IRA,C0000034,RET,SE,B015,29272.95,29308.93,4,29253.589999999997
T000000095,A00000064,2024-01-31,DEP,107.83,ATM,5541,DEP ATM REF853536,2024-01-31,USD,IRA,C0000034,RET,SE,B015,29272.95,29380.780000000002,4,29361.42
T000000096,A00000065,2024-01-31,DEP,11.13,BRANCH,5541,DEP MOBILE REF243498,2024-01-31,USD,CHK,C0000035,RET,SE,B003,2758.31,2769.44,4,2769.44
T000000097,A00000066,2024-01-31,PMT,2882.15,ACH,5541,PMT ACH REF240779,2024-01-31,USD,MTG,C0000036,RET,SE,B046,798090.77,795208.62,6,795208.62
T000000098,A00000067,2024-01-31,PMT,2022.87,ONLINE,4900,PMT ONLINE REF571850,2024-01-31,USD,AUTO,C0000036,RET,SE,B019,40771.05,38748.18,6,38748.18
T000000099,A00000067,2024-01-31,PMT,2313.22,WIRE,5541,PMT WIRE REF358966,2024-01-31,USD,AUTO,C0000036,RET,SE,B019,40771.05,38457.83,6,36434.96
T000000100,A00000068,2024-01-31,DEP,77.1,ATM,0000,DEP BRANCH REF901542,2024-01-31,USD,CHK,C0000036,RET,SE,B015,14053.53,14130.630000000001,6,14130.630000000001
T000000101,A00000069,2024-01-31,WDR,31.58,POS,5541,WDR ONLINE REF438788,2024-01-31,USD,SAV,C0000037,SMB,NE,B027,5664.88,5633.3,4,5633.3
T000000102,A00000070,2024-01-31,INT,124.62,WIRE,5812,INT MOBILE REF762024,2024-01-31,USD,CC,C0000038,SMB,NW,B038,6153.71,6278.33,4,6278.33
T000000103,A00000071,2024-01-31,INT,197.73,WIRE,6011,INT BRANCH REF329006,2024-01-31,USD,AUTO,C0000039,RET,SW,B047,30010.29,30208.02,4,30208.02
T000000104,A00000071,2024-01-31,REF,1763.27,BRANCH,5812,REF BRANCH REF974172,2024-01-31,USD,AUTO,C0000039,RET,SW,B047,30010.29,31773.56,4,31971.29
T000000105,A00000071,2024-01-31,CHG,12,ONLINE,4900,CHG POS REF607973,2024-01-31,USD,AUTO,C0000039,RET,SW,B047,30010.29,29998.29,4,31959.29
T000000106,A00000071,2024-01-31,CHG,12,WIRE,4900,CHG POS REF894825,2024-02-01,USD,AUTO,C0000039,RET,SW,B047,30010.29,29998.29,4,31947.29
T000000107,A00000071,2024-01-31,PMT,1692.21,ACH,5411,PMT ONLINE REF342868,2024-01-31,USD,AUTO,C0000039,RET,SW,B047,30010.29,28318.08,4,30255.08
T000000108,A00000071,2024-01-31,INT,71.75,ONLINE,6011,INT POS REF762292,2024-01-31,USD,AUTO,C0000039,RET,SW,B047,30010.29,30082.04,4,30326.83
T000000109,A00000075,2024-01-31,WDR,130.18,ONLINE,5541,WDR BRANCH REF706912,2024-01-31,USD,CD,C0000041,RET,SE,B002,42916.44,42786.26,2,42786.26
T000000110,A00000076,2024-01-31,CHG,25,POS,0000,CHG BRANCH REF275542,2024-02-01,USD,AUTO,C0000042,RET,NW,B030,44212.93,44187.93,3,44187.93
T000000111,A00000076,2024-01-31,REF,2655.95,POS,4900,REF BRANCH REF887904,2024-01-31,USD,AUTO,C0000042,RET,NW,B030,44212.93,46868.88,3,46843.88
T000000112,A00000076,2024-01-31,CHG,35,BRANCH,5912,CHG MOBILE REF239931,2024-01-31,USD,AUTO,C0000042,RET,NW,B030,44212.93,44177.93,3,46808.88
T000000113,A00000076,2024-01-31,PMT,1806.6,POS,5541,PMT POS REF686671,2024-01-31,USD,AUTO,C0000042,RET,NW,B030,44212.93,42406.33,3,45002.28
T000000114,A00000076,2024-01-31,FEE,3,POS,5541,FEE WIRE REF245363,2024-01-31,USD,AUTO,C0000042,RET,NW,B030,44212.93,44209.93,3,44999.28
T000000115,A00000076,2024-01-31,CHG,12,BRANCH,7011,CHG POS REF911121,2024-01-31,USD,AUTO,C0000042,RET,NW,B030,44212.93,44200.93,3,44987.28
T000000116,A00000077,2024-01-31,TRF,105.75,POS,5541,TRF ATM REF891617,2024-01-31,USD,IRA,C0000042,RET,NW,B043,79624.67,79730.42,3,79730.42
T000000117,A00000080,2024-01-31,DEP,12.1,ONLINE,5411,DEP MOBILE REF628706,2024-01-31,USD,SAV,C0000044,RET,NW,B025,3283.33,3295.43,4,3295.43
T000000118,A00000081,2024-01-31,DEP,152.9,BRANCH,7011,DEP ONLINE REF915331,2024-01-31,USD,SAV,C0000045,SMB,W,B024,2771.61,2924.51,1,2924.51
T000000119,A00000082,2024-01-31,DEP,292.33,ACH,6011,DEP ACH REF998747,2024-02-01,USD,CHK,C0000045,SMB,W,B018,941.93,1234.26,1,1234.26
T000000120,A00000084,2024-01-31,REF,2089.4,ATM,5541,REF POS REF316116,2024-02-01,USD,AUTO,C0000045,SMB,W,B004,28981.25,31070.65,1,31070.65
T000000121,A00000084,2024-01-31,CHG,35,MOBILE,7011,CHG BRANCH REF438947,2024-02-01,USD,AUTO,C0000045,SMB,W,B004,28981.25,28946.25,1,31035.65
T000000122,A00000084,2024-01-31,CHG,9.95,ACH,7011,CHG BRANCH REF337230,2024-01-31,USD,AUTO,C0000045,SMB,W,B004,28981.25,28971.3,1,31025.7
T000000123,A00000085,2024-01-31,FEE,3,BRANCH,5541,FEE POS REF528793,2024-01-31,USD,HELC,C0000046,RET,SW,B023,135572.14,135569.14,2,135569.14
T000000124,A00000085,2024-01-31,CHG,25,ATM,5812,CHG WIRE REF107082,2024-01-31,USD,HELC,C0000046,RET,SW,B023,135572.14,135547.14,2,135544.14
T000000125,A00000087,2024-01-31,DEP,36.69,ONLINE,6011,DEP BRANCH REF882760,2024-02-01,USD,CD,C0000048,PREM,W,B031,460447.64,460484.33,4,460484.33
T000000126,A00000089,2024-01-31,CHG,3,WIRE,5411,CHG ONLINE REF294202,2024-02-01,USD,AUTO,C0000049,RET,NE,B044,6199.63,6196.63,2,6196.63
T000000127,A00000089,2024-01-31,CHG,35,MOBILE,4900,CHG MOBILE REF605564,2024-01-31,USD,AUTO,C0000049,RET,NE,B044,6199.63,6164.63,2,6161.63
T000000128,A00000089,2024-01-31,CHG,35,ATM,5912,CHG POS REF779492,2024-01-31,USD,AUTO,C0000049,RET,NE,B044,6199.63,6164.63,2,6126.63
T000000129,A00000089,2024-01-31,CHG,25,POS,5812,CHG BRANCH REF275083,2024-01-31,USD,AUTO,C0000049,RET,NE,B044,6199.63,6174.63,2,6101.63
T000000130,A00000089,2024-01-31,CHG,3,POS,5912,CHG BRANCH REF262966,2024-01-31,USD,AUTO,C0000049,RET,NE,B044,6199.63,6196.63,2,6098.63
T000000131,A00000089,2024-01-31,CHG,3,ACH,7011,CHG BRANCH REF310955,2024-01-31,USD,AUTO,C0000049,RET,NE,B044,6199.63,6196.63,2,6095.63
T000000132,A00000092,2024-01-31,PMT,536.68,WIRE,5912,PMT BRANCH REF405262,2024-01-31,USD,AUTO,C0000050,RET,SE,B022,28524.01,27987.329999999998,5,27987.329999999998
T000000133,A00000092,2024-01-31,FEE,9.95,ACH,0000,FEE MOBILE REF169223,2024-01-31,USD,AUTO,C0000050,RET,SE,B022,28524.01,28514.059999999998,5,27977.379999999997
T000000134,A00000092,2024-01-31,FEE,9.95,ATM,7011,FEE BRANCH REF316593,2024-01-31,USD,AUTO,C0000050,RET,SE,B022,28524.01,28514.059999999998,5,27967.429999999997
T000000135,A00000093,2024-01-31,WDR,2.01,POS,5411,WDR ATM REF179343,2024-01-31,USD,SAV,C0000051,PB,NE,B038,-247.24,-249.25,3,-249.25
T000000136,A00000093,2024-01-31,DEP,161.27,ATM,7011,DEP WIRE REF734819,2024-01-31,USD,SAV,C0000051,PB,NE,B038,-247.24,-85.97,3,-87.97999999999999
T000000137,A00000095,2024-01-31,WDR,6864.74,MOBILE,6011,FEE POS REF449118,2024-01-31,USD,CC,C0000052,PB,MW,B026,2259.69,-4605.049999999999,1,-4605.049999999999
T000000138,A00000099,2024-01-31,FEE,3,BRANCH,7011,FEE WIRE REF166460,2024-02-01,USD,CC,C0000053,PB,NE,B007,803.24,800.24,,800.24
T000000139,A00000101,2024-01-31,WDR,367.85,POS,4900,WDR ACH REF724522,2024-02-01,USD,MMA,C0000054,RET,SE,B008,11110.98,10743.13,3,10743.13
T000000140,A00000101,2024-01-31,TRF,194.84,ACH,5541,TRF BRANCH REF230606,2024-02-01,USD,MMA,C0000054,RET,SE,B008,11110.98,11305.82,3,10937.97
T000000141,A00000101,2024-01-31,DEP,76.68,ONLINE,7011,DEP WIRE REF934387,2024-01-31,USD,MMA,C0000054,RET,SE,B008,11110.98,11187.66,3,11014.65
T000000142,A00000103,2024-01-31,CHG,9.95,POS,0000,CHG POS REF289990,2024-01-31,USD,HELC,C0000055,PREM,MW,B018,7364.43,7354.4800000000005,2,7354.4800000000005
T000000143,A00000103,2024-01-31,FEE,35,BRANCH,7011,FEE ONLINE REF644732,2024-02-01,USD,HELC,C0000055,PREM,MW,B018,7364.43,7329.43,2,7319.4800000000005
T000000144,A00000104,2024-01-31,PMT,992.49,POS,6011,PMT BRANCH REF383841,2024-02-01,USD,CC,C0000056,PREM,SW,B006,2832.19,1839.7,1,1839.7
T000000145,A00000104,2024-01-31,PMT,893.5,POS,5411,PMT POS REF135414,2024-01-31,USD,CC,C0000056,PREM,SW,B006,2832.19,1938.69,1,946.2
T000000146,A00000107,2024-01-31,DEP,9.19,BRANCH,0000,DEP ATM REF859062,2024-02-01,USD,SAV,C0000058,PREM,W,B012,15546.84,15556.03,1,15556.03
T000000147,A00000107,2024-01-31,WDR,82.13,POS,6011,WDR MOBILE REF953639,2024-02-01,USD,SAV,C0000058,PREM,W,B012,15546.84,15464.710000000001,1,15473.900000000001
T000000148,A00000110,2024-01-31,FEE,12,WIRE,5812,FEE WIRE REF764017,2024-01-31,USD,CC,C0000059,PB,SE,B014,5025.19,5013.19,,5013.19
T000000149,A00000110,2024-01-31,CHG,12,BRANCH,5912,CHG ACH REF435198,2024-01-31,USD,CC,C0000059,PB,SE,B014,5025.19,5013.19,,5001.19
T000000150,A00000111,2024-01-31,PMT,61.65,ONLINE,4900,PMT ATM REF309246,2024-01-31,USD,CC,C0000059,PB,SE,B034,6877.08,6815.43,,6815.43
T000000151,A00000112,2024-01-31,PMT,879.16,POS,7011,PMT WIRE REF165939,2024-01-31,USD,CC,C0000060,PREM,SW,B039,707.96,-171.19999999999993,6,-171.19999999999993
T000000152,A00000113,2024-01-31,WDR,1579.25,WIRE,4900,WDR BRANCH REF166994,2024-01-31,USD,CHK,C0000061,RET,SW,B009,12229.89,10650.64,1,10650.64
T000000153,A00000114,2024-01-31,INT,117.71,ONLINE,0000,INT WIRE REF360420,2024-01-31,USD,CHK,C0000062,RET,SW,B003,3347.8,3465.51,3,3465.51
T000000154,A00000114,2024-01-31,DEP,49.98,BRANCH,7011,DEP MOBILE REF793972,2024-01-31,USD,CHK,C0000062,RET,SW,B003,3347.8,3397.78,3,3515.4900000000002
T000000155,A00000114,2024-01-31,WDR,95.09,ONLINE,4900,WDR ATM REF810482,2024-01-31,USD,CHK,C0000062,RET,SW,B003,3347.8,3252.71,3,3420.4
T000000156,A00000115,2024-01-31,WDR,117.79,BRANCH,4900,WDR ACH REF789219,2024-01-31,USD,SAV,C0000062,RET,SW,B002,3550.14,3432.35,3,3432.35
T000000157,A00000115,2024-01-31,WDR,139.22,POS,7011,WDR BRANCH REF363462,2024-01-31,USD,SAV,C0000062,RET,SW,B002,3550.14,3410.92,3,3293.13
T000000158,A00000115,2024-01-31,WDR,111.03,WIRE,6011,WDR BRANCH REF845515,2024-01-31,USD,SAV,C0000062,RET,SW,B002,3550.14,3439.1099999999997,3,3182.1
T000000159,A00000117,2024-01-31,FEE,35,ACH,7011,FEE WIRE REF763799,2024-01-31,USD,CHK,C0000064,RET,MW,B031,37035.6,37000.6,3,37000.6
T000000160,A00000118,2024-01-31,DEP,389.28,ONLINE,0000,DEP WIRE REF306022,2024-01-31,USD,SAV,C0000065,RET,SE,B040,241343.07,241732.35,3,241732.35
T000000161,A00000118,2024-01-31,WDR,141.75,MOBILE,7011,WDR ATM REF805172,2024-01-31,USD,SAV,C0000065,RET,SE,B040,241343.07,241201.32,3,241590.6
T000000162,A00000118,2024-01-31,ADJ,19.72,ACH,0000,ADJ ATM REF496722,2024-01-31,USD,SAV,C0000065,RET,SE,B040,241343.07,241362.79,3,241610.32
T000000163,A00000118,2024-01-31,WDR,37.65,ATM,5541,WDR BRANCH REF978948,2024-01-31,USD,SAV,C0000065,RET,SE,B040,241343.07,241305.42,3,241572.67
T000000164,A00000118,2024-01-31,WDR,29.86,POS,5541,WDR WIRE REF739379,2024-01-31,USD,SAV,C0000065,RET,SE,B040,241343.07,241313.21000000002,3,241542.81000000003
T000000165,A00000118,2024-01-31,INT,80.51,MOBILE,4900,INT POS REF312669,2024-01-31,USD,SAV,C0000065,RET,SE,B040,241343.07,241423.58000000002,3,241623.32000000004
T000000166,A00000119,2024-01-31,DEP,152.16,BRANCH,7011,DEP WIRE REF492289,2024-01-31,USD,CD,C0000065,RET,SE,B015,147892.5,148044.66,3,148044.66
T000000167,A00000119,2024-01-31,REV,102.04,ONLINE,5812,REV BRANCH REF959030,2024-02-01,USD,CD,C0000065,RET,SE,B015,147892.5,147994.54,3,148146.7
T000000168,A00000119,2024-01-31,WDR,127.46,MOBILE,0000,WDR BRANCH REF511791,2024-01-31,USD,CD,C0000065,RET,SE,B015,147892.5,147765.04,3,148019.24000000002
T000000169,A00000120,2024-01-31,INT,48.02,ONLINE,5812,INT MOBILE REF339896,2024-01-31,USD,SAV,C0000065,RET,SE,B044,1293.6,1341.62,3,1341.62
T000000170,A00000121,2024-01-31,FEE,12,MOBILE,6011,FEE ATM REF331652,2024-01-31,USD,CC,C0000066,RET,SE,B024,3037.79,3025.79,4,3025.79
T000000171,A00000123,2024-01-31,INT,127.9,BRANCH,4900,INT ONLINE REF850171,2024-01-31,USD,CC,C0000067,RET,SW,B009,4021.72,4149.62,3,4149.62
T000000172,A00000125,2024-01-31,WDR,72.38,WIRE,5411,WDR ATM REF751059,2024-01-31,USD,MMA,C0000068,PREM,NW,B003,60158.99,60086.61,1,60086.61
T000000173,A00000125,2024-01-31,WDR,184.87,MOBILE,5541,WDR ATM REF951737,2024-01-31,USD,MMA,C0000068,PREM,NW,B003,60158.99,59974.119999999995,1,59901.74
T000000174,A00000128,2024-01-31,FEE,25,MOBILE,6011,FEE MOBILE REF254734,2024-01-31,USD,CHK,C0000070,SMB,MW,B033,7631.36,7606.36,1,7606.36
T000000175,A00000129,2024-01-31,PMT,2047.97,BRANCH,0000,PMT WIRE REF340459,2024-02-01,USD,MTG,C0000070,SMB,MW,B028,392936.03,390888.06000000006,1,390888.06000000006
T000000176,A00000130,2024-01-31,CHG,25,ATM,0000,CHG MOBILE REF617159,2024-01-31,USD,MTG,C0000071,RET,NW,B035,492263.78,492238.78,2,492238.78
T000000177,A00000130,2024-01-31,CHG,25,POS,7011,CHG MOBILE REF757589,2024-01-31,USD,MTG,C0000071,RET,NW,B035,492263.78,492238.78,2,492213.78
T000000178,A00000132,2024-01-31,DEP,43.58,ACH,5541,DEP ATM REF838206,2024-01-31,USD,CHK,C0000071,RET,NW,B045,6682.73,6726.3099999999995,2,6726.3099999999995
T000000179,A00000133,2024-01-31,TRF,-14.16,WIRE,6011,TRF ATM REF798306,2024-01-31,USD,CHK,C0000071,RET,NW,B047,741.69,727.5300000000001,2,727.5300000000001
T000000180,A00000133,2024-01-31,TRF,-1.03,WIRE,5541,TRF ONLINE REF821230,2024-01-31,USD,CHK,C0000071,RET,NW,B047,741.69,740.6600000000001,2,726.5000000000001
T000000181,A00000133,2024-01-31,WDR,137.48,POS,7011,WDR MOBILE REF512842,2024-01-31,USD,CHK,C0000071,RET,NW,B047,741.69,604.21,2,589.0200000000001
T000000182,A00000133,2024-01-31,WDR,486.95,BRANCH,4900,WDR WIRE REF993820,2024-01-31,USD,CHK,C0000071,RET,NW,B047,741.69,254.74000000000007,2,102.0700000000001
T000000183,A00000133,2024-01-31,TRF,-653.07,ONLINE,5541,TRF ONLINE REF526473,2024-01-31,USD,CHK,C0000071,RET,NW,B047,741.69,88.62,2,-551
T000000184,A00000133,2024-01-31,DEP,186.28,MOBILE,5411,DEP ACH REF407639,2024-02-01,USD,CHK,C0000071,RET,NW,B047,741.69,927.97,2,-364.72
T000000185,A00000134,2024-01-31,INT,233.57,BRANCH,0000,INT MOBILE REF465474,2024-01-31,USD,CC,C0000072,SMB,NE,B039,6329.91,6563.48,2,6563.48
T000000186,A00000134,2024-01-31,PMT,62.29,ACH,0000,PMT WIRE REF919014,2024-01-31,USD,CC,C0000072,SMB,NE,B039,6329.91,6267.62,2,6501.19
T000000187,A00000136,2024-01-31,DEP,27.71,ATM,5912,DEP POS REF330972,2024-01-31,USD,CHK,C0000073,RET,SE,B045,1803.71,1831.42,5,1831.42
T000000188,A00000136,2024-01-31,DEP,273.85,BRANCH,5411,DEP ACH REF122956,2024-01-31,USD,CHK,C0000073,RET,SE,B045,1803.71,2077.56,5,2105.27
T000000189,A00000136,2024-01-31,DEP,26.45,POS,5812,DEP ONLINE REF331938,2024-01-31,USD,CHK,C0000073,RET,SE,B045,1803.71,1830.16,5,2131.72
T000000190,A00000137,2024-01-31,WDR,92.13,ATM,7011,WDR MOBILE REF639348,2024-01-31,USD,CD,C0000073,RET,SE,B021,36028.71,35936.58,5,35936.58
T000000191,A00000138,2024-01-31,WDR,649.81,ONLINE,4900,WDR ONLINE REF709577,2024-01-31,USD,CD,C0000073,RET,SE,B032,40862.06,40212.25,5,40212.25
T000000192,A00000139,2024-01-31,PMT,997.82,ATM,5541,PMT POS REF637073,2024-01-31,USD,MTG,C0000074,RET,W,B012,724499.76,723501.9400000001,1,723501.9400000001
T000000193,A00000139,2024-01-31,INT,12.08,MOBILE,6011,INT ATM REF593704,2024-01-31,USD,MTG,C0000074,RET,W,B012,724499.76,724511.84,1,723514.02
T000000194,A00000141,2024-01-31,ADJ,191.16,MOBILE,6011,ADJ BRANCH REF299048,2024-01-31,USD,SAV,C0000075,PREM,MW,B037,-500.69,-309.53,4,-309.53
T000000195,A00000142,2024-01-31,WDR,96.79,BRANCH,7011,WDR ACH REF630709,2024-02-01,USD,CHK,C0000076,RET,MW,B014,1624.52,1527.73,3,1527.73
T000000196,A00000143,2024-01-31,WDR,39.07,ACH,4900,WDR ACH REF897772,2024-01-31,USD,MMA,C0000076,RET,MW,B027,14659.06,14619.99,3,14619.99
T000000197,A00000143,2024-01-31,DEP,190.06,POS,4900,DEP MOBILE REF647604,2024-01-31,USD,MMA,C0000076,RET,MW,B027,14659.06,14849.119999999999,3,14810.05
T000000198,A00000145,2024-01-31,FEE,12,MOBILE,7011,FEE BRANCH REF584634,2024-01-31,USD,CC,C0000077,RET,NW,B002,2510.92,2498.92,4,2498.92
T000000199,A00000146,2024-01-31,TRF,-39.19,POS,0000,TRF ONLINE REF526413,2024-01-31,USD,CHK,C0000078,RET,W,B017,2667.92,2628.73,3,2628.73
T000000200,A00000148,2024-01-31,WDR,1676.93,ONLINE,5912,FEE WIRE REF716606,2024-02-01,USD,CHK,C0000078,RET,W,B017,782.37,-894.5600000000001,3,-894.5600000000001
T000000201,A00000148,2024-01-31,TRF,-6.96,MOBILE,7011,TRF ACH REF342990,2024-01-31,USD,CHK,C0000078,RET,W,B017,782.37,775.41,3,-901.5200000000001
T000000202,A00000148,2024-01-31,DEP,35.89,ACH,5812,DEP ONLINE REF452635,2024-01-31,USD,CHK,C0000078,RET,W,B017,782.37,818.26,3,-865.6300000000001
T000000203,A00000152,2024-01-31,FEE,3,ATM,0000,FEE ACH REF753030,2024-01-31,USD,SAV,C0000080,PREM,NW,B035,2202.79,2199.79,6,2199.79
T000000204,A00000152,2024-01-31,TRF,202.32,ACH,5812,TRF ONLINE REF129423,2024-02-01,USD,SAV,C0000080,PREM,NW,B035,2202.79,2405.11,6,2402.11
T000000205,A00000152,2024-01-31,INT,134.16,ACH,5912,INT WIRE REF347421,2024-01-31,USD,SAV,C0000080,PREM,NW,B035,2202.79,2336.95,6,2536.27
T000000206,A00000154,2024-01-31,TRF,-984.85,ACH,0000,TRF ACH REF746379,2024-02-01,USD,CHK,C0000080,PREM,NW,B042,404.37,-580.48,6,-580.48
T000000207,A00000154,2024-01-31,WDR,229.12,WIRE,4900,WDR POS REF188060,2024-01-31,USD,CHK,C0000080,PREM,NW,B042,404.37,175.25,6,-809.6
T000000208,A00000154,2024-01-31,TRF,1.04,BRANCH,6011,TRF BRANCH REF489005,2024-01-31,USD,CHK,C0000080,PREM,NW,B042,404.37,405.41,6,-808.5600000000001
T000000209,A00000156,2024-01-31,CHG,12,BRANCH,5411,CHG POS REF897866,2024-01-31,USD,AUTO,C0000081,SMB,W,B023,55884.52,55872.52,3,55872.52
T000000210,A00000157,2024-01-31,CHG,9.95,ACH,7011,CHG BRANCH REF360873,2024-01-31,USD,CC,C0000082,RET,MW,B043,37.88,27.930000000000003,1,27.930000000000003
T000000211,A00000157,2024-01-31,REF,1549.75,ATM,7011,REF BRANCH REF244232,2024-01-31,USD,CC,C0000082,RET,MW,B043,37.88,1587.63,1,1577.68
T000000212,A00000157,2024-01-31,CHG,12,ACH,5812,CHG ONLINE REF250992,2024-01-31,USD,CC,C0000082,RET,MW,B043,37.88,25.880000000000003,1,1565.68
T000000213,A00000159,2024-01-31,DEP,29.05,POS,5912,DEP POS REF785144,2024-01-31,USD,SAV,C0000082,RET,MW,B007,-1812.97,-1783.92,1,-1783.92
T000000214,A00000159,2024-01-31,TRF,376.31,ATM,6011,TRF MOBILE REF679506,2024-01-31,USD,SAV,C0000082,RET,MW,B007,-1812.97,-1436.66,1,-1407.6100000000001
T000000215,A00000159,2024-01-31,WDR,83.1,WIRE,0000,WDR ACH REF876782,2024-01-31,USD,SAV,C0000082,RET,MW,B007,-1812.97,-1896.07,1,-1490.71
T000000216,A00000160,2024-01-31,TRF,27.67,WIRE,7011,TRF ATM REF631642,2024-01-31,USD,CHK,C0000083,COMM,SE,B005,15339.03,15366.7,2,15366.7
T000000217,A00000163,2024-01-31,CHG,25,ATM,7011,CHG ATM REF884025,2024-01-31,USD,CC,C0000084,RET,NW,B013,8098.19,8073.19,4,8073.19
T000000218,A00000170,2024-01-31,FEE,12,POS,6011,FEE POS REF717550,2024-01-31,USD,CHK,C0000090,RET,NE,B033,629.2,617.2,3,617.2
T000000219,A00000173,2024-01-31,CHG,3,ONLINE,6011,CHG BRANCH REF257850,2024-01-31,USD,MTG,C0000091,RET,NE,B014,387883.94,387880.94,5,387880.94
T000000220,A00000174,2024-01-31,PMT,2770.47,MOBILE,6011,PMT BRANCH REF704930,2024-01-31,USD,MTG,C0000092,RET,SE,B007,755173.82,752403.35,2,752403.35
T000000221,A00000174,2024-01-31,PMT,228.13,BRANCH,4900,PMT ACH REF846071,2024-01-31,USD,MTG,C0000092,RET,SE,B007,755173.82,754945.69,2,752175.22
T000000222,A00000174,2024-01-31,CHG,35,POS,4900,CHG MOBILE REF720729,2024-01-31,USD,MTG,C0000092,RET,SE,B007,755173.82,755138.82,2,752140.22
T000000223,A00000175,2024-01-31,DEP,184.15,ATM,6011,DEP MOBILE REF575244,2024-01-31,USD,SAV,C0000092,RET,SE,B007,30334.47,30518.620000000003,2,30518.620000000003
T000000224,A00000175,2024-01-31,FEE,12,WIRE,6011,FEE WIRE REF510913,2024-01-31,USD,SAV,C0000092,RET,SE,B007,30334.47,30322.47,2,30506.620000000003
T000000225,A00000176,2024-01-31,FEE,9.95,POS,5541,FEE BRANCH REF817005,2024-01-31,USD,SAV,C0000093,PB,SW,B030,478.13,468.18,5,468.18
T000000226,A00000177,2024-01-31,CHG,25,MOBILE,4900,CHG WIRE REF915407,2024-01-31,USD,PERS,C0000093,PB,SW,B021,29702.1,29677.1,5,29677.1
T000000227,A00000177,2024-01-31,PMT,1991.75,BRANCH,5541,PMT ONLINE REF597648,2024-01-31,USD,PERS,C0000093,PB,SW,B021,29702.1,27710.35,5,27685.35
T000000228,A00000178,2024-01-31,CHG,3,POS,7011,CHG ATM REF725121,2024-02-01,USD,AUTO,C0000093,PB,SW,B040,13553.48,13550.48,5,13550.48
T000000229,A00000178,2024-01-31,PMT,2341.05,MOBILE,4900,PMT ONLINE REF225400,2024-01-31,USD,AUTO,C0000093,PB,SW,B040,13553.48,11212.43,5,11209.43
T000000230,A00000178,2024-01-31,ADJ,-3097.24,MOBILE,5912,ADJ ACH REF716558,2024-01-31,USD,AUTO,C0000093,PB,SW,B040,13553.48,10456.24,5,8112.1900000000005
T000000231,A00000179,2024-01-31,CHG,25,ATM,5411,CHG WIRE REF715243,2024-01-31,USD,MTG,C0000094,PB,W,B014,212965.58,212940.58,7,212940.58
T000000232,A00000179,2024-01-31,PMT,755.24,WIRE,5912,PMT BRANCH REF588901,2024-01-31,USD,MTG,C0000094,PB,W,B014,212965.58,212210.34,7,212185.34
T000000233,A00000181,2024-01-31,CHG,12,ACH,5812,CHG ONLINE REF456227,2024-01-31,USD,MTG,C0000095,RET,W,B046,474119.93,474107.93,1,474107.93
T000000234,A00000181,2024-01-31,PMT,1725.59,ONLINE,4900,PMT ONLINE REF225530,2024-01-31,USD,MTG,C0000095,RET,W,B046,474119.93,472394.33999999997,1,472382.33999999997
T000000235,A00000182,2024-01-31,WDR,1467.46,BRANCH,6011,WDR ATM REF626144,2024-01-31,USD,MMA,C0000095,RET,W,B030,107085.87,105618.40999999999,1,105618.40999999999
T000000236,A00000182,2024-01-31,ADJ,90.96,WIRE,5411,ADJ MOBILE REF781587,2024-01-31,USD,MMA,C0000095,RET,W,B030,107085.87,107176.83,1,105709.37
T000000237,A00000182,2024-01-31,WDR,23.65,MOBILE,7011,WDR BRANCH REF856471,2024-01-31,USD,MMA,C0000095,RET,W,B030,107085.87,107062.22,1,105685.72
T000000238,A00000183,2024-01-31,WDR,532.91,POS,0000,WDR ATM REF175239,2024-01-31,USD,CHK,C0000096,PREM,SE,B031,668.96,136.05000000000007,3,136.05000000000007
T000000239,A00000183,2024-01-31,WDR,108.7,ATM,4900,WDR WIRE REF263336,2024-01-31,USD,CHK,C0000096,PREM,SE,B031,668.96,560.26,3,27.350000000000065
T000000240,A00000183,2024-01-31,WDR,11.48,BRANCH,5541,WDR POS REF986369,2024-01-31,USD,CHK,C0000096,PREM,SE,B031,668.96,657.48,3,15.870000000000065
T000000241,A00000185,2024-01-31,WDR,1.35,BRANCH,7011,WDR MOBILE REF728106,2024-01-31,USD,SAV,C0000097,RET,MW,B021,5516.21,5514.86,2,5514.86
T000000242,A00000185,2024-01-31,TRF,-109.26,WIRE,5411,TRF ONLINE REF536231,2024-01-31,USD,SAV,C0000097,RET,MW,B021,5516.21,5406.95,2,5405.599999999999
T000000243,A00000185,2024-01-31,WDR,36.38,ATM,4900,WDR BRANCH REF810880,2024-01-31,USD,SAV,C0000097,RET,MW,B021,5516.21,5479.83,2,5369.219999999999
T000000244,A00000187,2024-01-31,INT,71.7,WIRE,5912,INT POS REF949695,2024-01-31,USD,MTG,C0000098,PREM,W,B046,551888.67,551960.37,3,551960.37
T000000245,A00000187,2024-01-31,FEE,12,BRANCH,5812,FEE POS REF909037,2024-02-01,USD,MTG,C0000098,PREM,W,B046,551888.67,551876.67,3,551948.37
T000000246,A00000188,2024-01-31,WDR,1747106.49,ACH,7011,CHG POS REF999713,2024-01-31,USD,MTG,C0000098,PREM,W,B003,766914.3,-980192.19,3,-980192.19
T000000247,A00000189,2024-01-31,WDR,113,POS,7011,WDR ONLINE REF536650,2024-01-31,USD,CHK,C0000099,RET,NW,B005,9004.29,8891.29,7,8891.29
T000000248,A00000190,2024-01-31,PMT,1733.34,ONLINE,4900,PMT ATM REF749670,2024-01-31,USD,MTG,C0000099,RET,NW,B040,469742.87,468009.52999999997,7,468009.52999999997
T000000249,A00000190,2024-01-31,PMT,2033.64,ACH,6011,PMT MOBILE REF193803,2024-01-31,USD,MTG,C0000099,RET,NW,B040,469742.87,467709.23,7,465975.88999999996
T000000250,A00000190,2024-01-31,FEE,12,ATM,5541,FEE ONLINE REF373372,2024-01-31,USD,MTG,C0000099,RET,NW,B040,469742.87,469730.87,7,465963.88999999996
T000000251,A00000191,2024-01-31,DEP,89.89,POS,5541,DEP ACH REF514379,2024-01-31,USD,CHK,C0000099,RET,NW,B038,864.02,953.91,7,953.91
T000000252,A00000191,2024-01-31,DEP,13.68,BRANCH,7011,DEP MOBILE REF921930,2024-02-01,USD,CHK,C0000099,RET,NW,B038,864.02,877.6999999999999,7,967.5899999999999
T000000253,A00000193,2024-01-31,DEP,190.94,WIRE,7011,DEP BRANCH REF707059,2024-01-31,USD,CHK,C0000101,RET,W,B023,1031.04,1221.98,4,1221.98
T000000254,A00000196,2024-01-31,WDR,2.01,MOBILE,6011,WDR ACH REF635433,2024-01-31,USD,CD,C0000101,RET,W,B001,25608.92,25606.91,4,25606.91
T000000255,A00000197,2024-01-31,REF,1246.16,ACH,4900,REF ONLINE REF728345,2024-01-31,USD,MTG,C0000102,RET,W,B032,156819.42,158065.58000000002,3,158065.58000000002
T000000256,A00000198,2024-01-31,TRF,33.81,MOBILE,5411,TRF ONLINE REF621643,2024-01-31,USD,CD,C0000102,RET,W,B022,40407.73,40441.54,3,40441.54
T000000257,A00000199,2024-01-31,FEE,35,POS,5912,FEE POS REF272728,2024-01-31,USD,MTG,C0000103,SMB,MW,B039,328892.25,328857.25,3,328857.25
T000000258,A00000204,2024-01-31,PMT,1651.89,ONLINE,7011,PMT WIRE REF404538,2024-01-31,USD,HELC,C0000105,PB,NW,B032,53817.32,52165.43,5,52165.43
T000000259,A00000204,2024-01-31,PMT,1029.62,ACH,5541,PMT POS REF130123,2024-01-31,USD,HELC,C0000105,PB,NW,B032,53817.32,52787.7,5,51135.81
T000000260,A00000205,2024-01-31,CHG,3,WIRE,0000,CHG ACH REF972286,2024-01-31,USD,LOC,C0000106,COMM,NW,B017,30055.02,30052.02,6,30052.02
T000000261,A00000209,2024-01-31,WDR,9.64,MOBILE,5912,WDR ATM REF411962,2024-01-31,USD,SAV,C0000110,RET,MW,B019,24567.09,24557.45,2,24557.45
T000000262,A00000210,2024-01-31,PMT,914.82,ATM,4900,PMT POS REF919401,2024-01-31,USD,CC,C0000110,RET,MW,B025,2705.99,1791.1699999999996,2,1791.1699999999996
T000000263,A00000210,2024-01-31,INT,168.05,WIRE,5411,INT WIRE REF878149,2024-01-31,USD,CC,C0000110,RET,MW,B025,2705.99,2874.04,2,1959.2199999999996
T000000264,A00000210,2024-01-31,REF,911.08,MOBILE,5541,REF ATM REF767658,2024-01-31,USD,CC,C0000110,RET,MW,B025,2705.99,3617.0699999999997,2,2870.2999999999997
T000000265,A00000210,2024-01-31,INT,3.66,BRANCH,0000,INT ONLINE REF692868,2024-02-01,USD,CC,C0000110,RET,MW,B025,2705.99,2709.6499999999996,2,2873.9599999999996
T000000266,A00000210,2024-01-31,PMT,942.54,ATM,6011,PMT ACH REF308235,2024-01-31,USD,CC,C0000110,RET,MW,B025,2705.99,1763.4499999999998,2,1931.4199999999996
T000000267,A00000210,2024-01-31,CHG,12,POS,7011,CHG POS REF824698,2024-01-31,USD,CC,C0000110,RET,MW,B025,2705.99,2693.99,2,1919.4199999999996
T000000268,A00000211,2024-01-31,WDR,1744.35,BRANCH,4900,WDR ACH REF271686,2024-01-31,USD,CHK,C0000110,RET,MW,B018,575.05,-1169.3,2,-1169.3
T000000269,A00000211,2024-01-31,WDR,509.51,ATM,7011,WDR WIRE REF870491,2024-01-31,USD,CHK,C0000110,RET,MW,B018,575.05,65.53999999999996,2,-1678.81
T000000270,A00000211,2024-01-31,WDR,427.38,ATM,0000,WDR ONLINE REF258087,2024-01-31,USD,CHK,C0000110,RET,MW,B018,575.05,147.66999999999996,2,-2106.19
T000000271,A00000213,2024-01-31,PMT,834.59,BRANCH,4900,PMT ONLINE REF624571,2024-02-01,USD,CC,C0000111,RET,MW,B021,3538.52,2703.93,4,2703.93
T000000272,A00000214,2024-01-31,CHG,3,ATM,5912,CHG WIRE REF603836,2024-01-31,USD,CC,C0000112,RET,W,B002,5511.35,5508.35,3,5508.35
T000000273,A00000216,2024-01-31,TRF,-101.04,ACH,5541,TRF BRANCH REF679223,2024-01-31,USD,MMA,C0000113,RET,NE,B009,223745.05,223644.00999999998,3,223644.00999999998
T000000274,A00000217,2024-01-31,CHG,12,POS,0000,CHG ATM REF803546,2024-01-31,USD,AUTO,C0000114,RET,W,B011,20766.64,20754.64,2,20754.64
T000000275,A00000219,2024-01-31,CHG,3,ACH,5541,CHG POS REF648950,2024-01-31,USD,MTG,C0000116,RET,NW,B011,138748.84,138745.84,6,138745.84
T000000276,A00000220,2024-01-31,PMT,1299.49,ACH,4900,PMT WIRE REF567805,2024-01-31,USD,CC,C0000116,RET,NW,B040,2290.71,991.22,6,991.22
T000000277,A00000220,2024-01-31,CHG,9.95,BRANCH,5812,CHG ACH REF430566,2024-01-31,USD,CC,C0000116,RET,NW,B040,2290.71,2280.76,6,981.27
T000000278,A00000220,2024-01-31,PMT,368.88,ATM,5541,PMT POS REF283568,2024-01-31,USD,CC,C0000116,RET,NW,B040,2290.71,1921.83,6,612.39
T000000279,A00000222,2024-01-31,CHG,3,MOBILE,5411,CHG ATM REF913224,2024-01-31,USD,PERS,C0000117,RET,SE,B015,28092.93,28089.93,4,28089.93
T000000280,A00000222,2024-01-31,PMT,2134.93,MOBILE,4900,PMT MOBILE REF982162,2024-01-31,USD,PERS,C0000117,RET,SE,B015,28092.93,25958,4,25955
T000000281,A00000223,2024-01-31,DEP,120.67,WIRE,5541,DEP ATM REF908558,2024-01-31,USD,CHK,C0000117,RET,SE,B014,33685.09,33805.759999999995,4,33805.759999999995
T000000282,A00000223,2024-01-31,DEP,49.4,POS,6011,DEP POS REF290008,2024-02-01,USD,CHK,C0000117,RET,SE,B014,33685.09,33734.49,4,33855.159999999996
T000000283,A00000223,2024-01-31,WDR,351.83,ATM,5411,WDR BRANCH REF826817,2024-01-31,USD,CHK,C0000117,RET,SE,B014,33685.09,33333.259999999995,4,33503.329999999994
T000000284,A00000223,2024-01-31,INT,197.72,WIRE,5411,INT BRANCH REF670818,2024-02-01,USD,CHK,C0000117,RET,SE,B014,33685.09,33882.81,4,33701.049999999996
T000000285,A00000223,2024-01-31,REV,36.07,POS,5812,REV ACH REF870852,2024-01-31,USD,CHK,C0000117,RET,SE,B014,33685.09,33721.159999999996,4,33737.119999999995
T000000286,A00000223,2024-01-31,DEP,28.12,ACH,7011,DEP ATM REF583165,2024-02-01,USD,CHK,C0000117,RET,SE,B014,33685.09,33713.21,4,33765.24
T000000287,A00000224,2024-01-31,CHG,25,ONLINE,6011,CHG MOBILE REF812763,2024-01-31,USD,PERS,C0000118,RET,NE,B012,32974.08,32949.08,2,32949.08
T000000288,A00000224,2024-01-31,FEE,12,POS,5411,FEE MOBILE REF435954,2024-01-31,USD,PERS,C0000118,RET,NE,B012,32974.08,32962.08,2,32937.08
T000000289,A00000224,2024-01-31,CHG,12,ACH,5411,CHG MOBILE REF486440,2024-01-31,USD,PERS,C0000118,RET,NE,B012,32974.08,32962.08,2,32925.08
T000000290,A00000228,2024-01-31,TRF,125.86,ACH,5541,TRF MOBILE REF918710,2024-01-31,USD,CHK,C0000119,RET,NE,B008,2041.55,2167.41,3,2167.41
T000000291,A00000228,2024-01-31,DEP,22.56,POS,4900,DEP ACH REF874623,2024-01-31,USD,CHK,C0000119,RET,NE,B008,2041.55,2064.11,3,2189.97
T000000292,A00000230,2024-01-31,PMT,1432.16,ACH,5912,PMT ATM REF384623,2024-01-31,USD,MTG,C0000120,RET,W,B025,160984.52,159552.36,3,159552.36
T000000293,A00000231,2024-01-31,TRF,-70.77,BRANCH,7011,TRF ONLINE REF567932,2024-01-31,USD,SAV,C0000120,RET,W,B010,28375.84,28305.07,3,28305.07
T000000294,A00000233,2024-01-31,TRF,23.46,MOBILE,5411,TRF ACH REF210920,2024-01-31,USD,SAV,C0000122,RET,NE,B048,703.02,726.48,5,726.48
T000000295,A00000235,2024-01-31,WDR,93.18,BRANCH,6011,WDR ATM REF160101,2024-01-31,USD,SAV,C0000123,RET,SE,B025,4973.04,4879.86,3,4879.86
T000000296,A00000235,2024-01-31,WDR,49.21,ATM,4900,WDR ATM REF363725,2024-01-31,USD,SAV,C0000123,RET,SE,B025,4973.04,4923.83,3,4830.65
T000000297,A00000237,2024-01-31,DEP,8.41,BRANCH,5541,DEP MOBILE REF180644,2024-01-31,USD,SAV,C0000125,RET,SW,B033,3744.76,3753.17,3,3753.17
T000000298,A00000237,2024-01-31,WDR,473.42,MOBILE,5912,WDR ATM REF264285,2024-01-31,USD,SAV,C0000125,RET,SW,B033,3744.76,3271.34,3,3279.75
T000000299,A00000237,2024-01-31,WDR,14.12,WIRE,6011,WDR ONLINE REF659791,2024-01-31,USD,SAV,C0000125,RET,SW,B033,3744.76,3730.6400000000003,3,3265.63
T000000300,A00000237,2024-01-31,INT,8.64,POS,4900,INT MOBILE REF219280,2024-01-31,USD,SAV,C0000125,RET,SW,B033,3744.76,3753.4,3,3274.27
T000000301,A00000237,2024-01-31,WDR,291.71,BRANCH,5541,WDR BRANCH REF240141,2024-02-01,USD,SAV,C0000125,RET,SW,B033,3744.76,3453.05,3,2982.56
T000000302,A00000237,2024-01-31,TRF,-55.83,ACH,5912,TRF MOBILE REF184307,2024-01-31,USD,SAV,C0000125,RET,SW,B033,3744.76,3688.9300000000003,3,2926.73
T000000303,A00000239,2024-01-31,PMT,853.94,ONLINE,5812,PMT POS REF629323,2024-01-31,USD,MTG,C0000126,RET,SW,B034,300050.62,299196.68,2,299196.68
T000000304,A00000239,2024-01-31,PMT,2774.42,POS,6011,PMT MOBILE REF111262,2024-02-01,USD,MTG,C0000126,RET,SW,B034,300050.62,297276.2,2,296422.26
T000000305,A00000239,2024-01-31,CHG,25,WIRE,0000,CHG ACH REF276207,2024-01-31,USD,MTG,C0000126,RET,SW,B034,300050.62,300025.62,2,296397.26
T000000306,A00000241,2024-01-31,WDR,61.26,MOBILE,5411,WDR WIRE REF578934,2024-01-31,USD,MMA,C0000126,RET,SW,B020,118450.58,118389.32,2,118389.32
T000000307,A00000241,2024-01-31,WDR,63.83,ONLINE,6011,WDR MOBILE REF570992,2024-01-31,USD,MMA,C0000126,RET,SW,B020,118450.58,118386.75,2,118325.49
T000000308,A00000241,2024-01-31,INT,192.23,ONLINE,5812,INT POS REF913822,2024-02-01,USD,MMA,C0000126,RET,SW,B020,118450.58,118642.81,2,118517.72
T000000309,A00000242,2024-01-31,DEP,3.35,BRANCH,6011,DEP ACH REF838570,2024-01-31,USD,MMA,C0000127,PREM,SE,B031,5075.39,5078.740000000001,4,5078.740000000001
T000000310,A00000242,2024-01-31,FEE,3,MOBILE,6011,FEE ACH REF877837,2024-02-01,USD,MMA,C0000127,PREM,SE,B031,5075.39,5072.39,4,5075.740000000001
T000000311,A00000244,2024-01-31,CHG,12,ONLINE,5912,CHG ACH REF673907,2024-01-31,USD,LOC,C0000128,RET,NW,B030,37736.53,37724.53,3,37724.53
T000000312,A00000244,2024-01-31,CHG,12,WIRE,0000,CHG MOBILE REF389435,2024-01-31,USD,LOC,C0000128,RET,NW,B030,37736.53,37724.53,3,37712.53
T000000313,A00000244,2024-01-31,PMT,658.24,ONLINE,5411,PMT MOBILE REF289316,2024-02-01,USD,LOC,C0000128,RET,NW,B030,37736.53,37078.29,3,37054.29
T000000314,A00000244,2024-01-31,REF,1518.88,ACH,7011,REF ONLINE REF925248,2024-01-31,USD,LOC,C0000128,RET,NW,B030,37736.53,39255.409999999996,3,38573.17
T000000315,A00000244,2024-01-31,FEE,3,POS,0000,FEE ATM REF709895,2024-01-31,USD,LOC,C0000128,RET,NW,B030,37736.53,37733.53,3,38570.17
T000000316,A00000244,2024-01-31,WDR,107919.49,ONLINE,6011,INT ATM REF309655,2024-02-01,USD,LOC,C0000128,RET,NW,B030,37736.53,-70182.96,3,-69349.32
T000000317,A00000246,2024-01-31,FEE,25,MOBILE,6011,FEE ONLINE REF136562,2024-01-31,USD,AUTO,C0000129,RET,SE,B005,54895.67,54870.67,,54870.67
T000000318,A00000246,2024-01-31,REF,2178.79,ACH,0000,REF POS REF338229,2024-01-31,USD,AUTO,C0000129,RET,SE,B005,54895.67,57074.46,,57049.46
T000000319,A00000246,2024-01-31,PMT,1775.56,WIRE,5411,PMT ACH REF581344,2024-01-31,USD,AUTO,C0000129,RET,SE,B005,54895.67,53120.11,,55273.9
T000000320,A00000247,2024-01-31,REF,763.6,POS,0000,REF BRANCH REF281840,2024-01-31,USD,CC,C0000130,RET,SE,B033,345.99,1109.5900000000001,4,1109.5900000000001
T000000321,A00000248,2024-01-31,FEE,9.95,ATM,5812,FEE ATM REF958164,2024-01-31,USD,CC,C0000131,SMB,NW,B023,453.21,443.26,3,443.26
T000000322,A00000248,2024-01-31,CHG,12,ACH,7011,CHG ONLINE REF195619,2024-01-31,USD,CC,C0000131,SMB,NW,B023,453.21,441.21,3,431.26
T000000323,A00000249,2024-01-31,WDR,132.66,ONLINE,5411,WDR MOBILE REF433894,2024-01-31,USD,SAV,C0000131,SMB,NW,B044,-668.58,-801.24,3,-801.24
T000000324,A00000253,2024-01-31,WDR,455.89,ONLINE,7011,WDR ATM REF178241,2024-02-01,USD,IRA,C0000133,RET,SE,B034,33377.32,32921.43,2,32921.43
T000000325,A00000254,2024-01-31,CHG,3,MOBILE,5541,CHG ATM REF893537,2024-01-31,USD,MTG,C0000133,RET,SE,B032,727444.58,727441.58,2,727441.58
T000000326,A00000255,2024-01-31,ADJ,-58.19,ONLINE,5912,ADJ BRANCH REF642602,2024-01-31,USD,CHK,C0000134,RET,SW,B021,9747.99,9689.8,,9689.8
T000000327,A00000255,2024-01-31,WDR,7.07,WIRE,6011,WDR WIRE REF807192,2024-02-01,USD,CHK,C0000134,RET,SW,B021,9747.99,9740.92,,9682.73
T000000328,A00000255,2024-01-31,WDR,583.98,ACH,5541,WDR BRANCH REF337728,2024-02-01,USD,CHK,C0000134,RET,SW,B021,9747.99,9164.01,,9098.75
T000000329,A00000256,2024-01-31,INT,39.86,ACH,7011,INT WIRE REF861208,2024-02-01,USD,CC,C0000135,RET,W,B010,742.13,781.99,3,781.99
T000000330,A00000257,2024-01-31,PMT,2614.85,ACH,5912,PMT ATM REF325922,2024-01-31,USD,AUTO,C0000135,RET,W,B023,16819.37,14204.519999999999,3,14204.519999999999
T000000331,A00000257,2024-01-31,INT,169.15,POS,5812,INT WIRE REF655374,2024-01-31,USD,AUTO,C0000135,RET,W,B023,16819.37,16988.52,3,14373.669999999998
T000000332,A00000257,2024-01-31,CHG,3,ACH,5411,CHG ONLINE REF431813,2024-01-31,USD,AUTO,C0000135,RET,W,B023,16819.37,16816.37,3,14370.669999999998
T000000333,A00000258,2024-01-31,WDR,401.82,BRANCH,5912,WDR ATM REF619249,2024-01-31,USD,SAV,C0000135,RET,W,B035,5515.07,5113.25,3,5113.25
T000000334,A00000259,2024-01-31,CHG,12,ONLINE,5912,CHG WIRE REF579063,2024-01-31,USD,CC,C0000136,PREM,SE,B009,1005.41,993.41,6,993.41
T000000335,A00000259,2024-01-31,CHG,9.95,MOBILE,4900,CHG ONLINE REF838435,2024-01-31,USD,CC,C0000136,PREM,SE,B009,1005.41,995.4599999999999,6,983.4599999999999
T000000336,A00000259,2024-01-31,CHG,3,BRANCH,6011,CHG WIRE REF964616,2024-01-31,USD,CC,C0000136,PREM,SE,B009,1005.41,1002.41,6,980.4599999999999
T000000337,A00000261,2024-01-31,WDR,276.19,ONLINE,5411,WDR WIRE REF772480,2024-02-01,USD,IRA,C0000136,PREM,SE,B006,206471.77,206195.58,6,206195.58
T000000338,A00000261,2024-01-31,TRF,509.37,ONLINE,0000,TRF WIRE REF288338,2024-01-31,USD,IRA,C0000136,PREM,SE,B006,206471.77,206981.13999999998,6,206704.94999999998
T000000339,A00000261,2024-01-31,TRF,-80.25,MOBILE,6011,TRF ONLINE REF970789,2024-01-31,USD,IRA,C0000136,PREM,SE,B006,206471.77,206391.52,6,206624.69999999998
T000000340,A00000262,2024-01-31,WDR,35.16,WIRE,5411,WDR ATM REF910094,2024-01-31,USD,SAV,C0000136,PREM,SE,B016,619.89,584.73,6,584.73
T000000341,A00000262,2024-01-31,TRF,-144.96,MOBILE,5411,TRF POS REF688024,2024-01-31,USD,SAV,C0000136,PREM,SE,B016,619.89,474.92999999999995,6,439.77
T000000342,A00000264,2024-01-31,DEP,150.8,ATM,7011,DEP BRANCH REF180598,2024-02-01,USD,SAV,C0000137,PREM,NW,B021,-1550.66,-1399.8600000000001,6,-1399.8600000000001
T000000343,A00000265,2024-01-31,PMT,2941.94,WIRE,4900,PMT POS REF325765,2024-01-31,USD,MTG,C0000137,PREM,NW,B037,666851.08,663909.14,6,663909.14
T000000344,A00000266,2024-01-31,PMT,940.83,ACH,5541,PMT BRANCH REF637364,2024-01-31,USD,CC,C0000138,RET,W,B031,145.45,-795.3800000000001,4,-795.3800000000001
T000000345,A00000266,2024-01-31,PMT,264.32,BRANCH,0000,PMT MOBILE REF953152,2024-01-31,USD,CC,C0000138,RET,W,B031,145.45,-118.87,4,-1059.7
T000000346,A00000266,2024-01-31,WDR,801.83,WIRE,5541,INT MOBILE REF352785,2024-01-31,USD,CC,C0000138,RET,W,B031,145.45,-656.3800000000001,4,-1861.5300000000002
T000000347,A00000267,2024-01-31,INT,45.78,ATM,5912,INT WIRE REF568132,2024-01-31,USD,MTG,C0000139,PREM,SE,B041,587450.62,587496.4,3,587496.4
T000000348,A00000267,2024-01-31,INT,194.01,ATM,5541,INT ATM REF637845,2024-01-31,USD,MTG,C0000139,PREM,SE,B041,587450.62,587644.63,3,587690.41
T000000349,A00000267,2024-01-31,CHG,12,BRANCH,5912,CHG BRANCH REF378580,2024-01-31,USD,MTG,C0000139,PREM,SE,B041,587450.62,587438.62,3,587678.41
T000000350,A00000268,2024-01-31,DEP,26.39,BRANCH,5912,DEP MOBILE REF957571,2024-01-31,USD,CHK,C0000139,PREM,SE,B041,2048.51,2074.9,3,2074.9
T000000351,A00000271,2024-01-31,DEP,61.55,ONLINE,7011,DEP ATM REF571099,2024-01-31,USD,CHK,C0000140,CORP,MW,B014,1238.12,1299.6699999999998,2,1299.6699999999998
T000000352,A00000272,2024-01-31,CHG,12,ACH,7011,CHG POS REF822279,2024-01-31,USD,MTG,C0000141,SMB,W,B013,434898.35,434886.35,2,434886.35
T000000353,A00000272,2024-01-31,PMT,344.37,WIRE,7011,PMT BRANCH REF945744,2024-01-31,USD,MTG,C0000141,SMB,W,B013,434898.35,434553.98,2,434541.98
T000000354,A00000272,2024-01-31,FEE,12,WIRE,5912,FEE POS REF536320,2024-01-31,USD,MTG,C0000141,SMB,W,B013,434898.35,434886.35,2,434529.98
T000000355,A00000274,2024-01-31,CHG,3,ACH,6011,CHG ATM REF462573,2024-01-31,USD,CC,C0000142,RET,NE,B002,1236.27,1233.27,5,1233.27
T000000356,A00000277,2024-01-31,INT,228.87,ATM,7011,INT POS REF961691,2024-01-31,USD,AUTO,C0000143,RET,W,B047,32888.45,33117.32,2,33117.32
T000000357,A00000278,2024-01-31,WDR,15.5,POS,5912,WDR MOBILE REF618763,2024-01-31,USD,CHK,C0000144,RET,NE,B004,20627.59,20612.09,5,20612.09
T000000358,A00000279,2024-01-31,CHG,25,ACH,5912,CHG WIRE REF215849,2024-01-31,USD,CC,C0000144,RET,NE,B016,3058.49,3033.49,5,3033.49
T000000359,A00000279,2024-01-31,PMT,778.87,ACH,6011,PMT ONLINE REF341286,2024-01-31,USD,CC,C0000144,RET,NE,B016,3058.49,2279.62,5,2254.62
T000000360,A00000279,2024-01-31,CHG,12,ONLINE,0000,CHG POS REF982727,2024-01-31,USD,CC,C0000144,RET,NE,B016,3058.49,3046.49,5,2242.62
T000000361,A00000280,2024-01-31,INT,168.77,BRANCH,5912,INT POS REF309070,2024-01-31,USD,CC,C0000145,RET,W,B006,5435.69,5604.46,5,5604.46
T000000362,A00000281,2024-01-31,DEP,18.79,WIRE,5411,DEP WIRE REF173739,2024-01-31,USD,MMA,C0000146,RET,SE,B045,161922.92,161941.71000000002,3,161941.71000000002
T000000363,A00000282,2024-01-31,REV,951.36,ACH,6011,REV ACH REF821265,2024-01-31,USD,SAV,C0000146,RET,SE,B031,45287.1,46238.46,3,46238.46
T000000364,A00000283,2024-01-31,DEP,42.22,ONLINE,5912,DEP MOBILE REF774315,2024-02-01,USD,CHK,C0000146,RET,SE,B037,5185.67,5227.89,3,5227.89
T000000365,A00000283,2024-01-31,WDR,15.03,MOBILE,5541,WDR POS REF330368,2024-01-31,USD,CHK,C0000146,RET,SE,B037,5185.67,5170.64,3,5212.860000000001
T000000366,A00000283,2024-01-31,REV,42.67,ATM,0000,REV WIRE REF561073,2024-01-31,USD,CHK,C0000146,RET,SE,B037,5185.67,5228.34,3,5255.530000000001
T000000367,A00000283,2024-01-31,DEP,219.77,BRANCH,5812,DEP POS REF743434,2024-01-31,USD,CHK,C0000146,RET,SE,B037,5185.67,5405.4400000000005,3,5475.300000000001
T000000368,A00000283,2024-01-31,WDR,890.77,ATM,5812,WDR ONLINE REF330037,2024-01-31,USD,CHK,C0000146,RET,SE,B037,5185.67,4294.9,3,4584.530000000001
T000000369,A00000283,2024-01-31,DEP,12.93,ONLINE,7011,DEP ATM REF142267,2024-01-31,USD,CHK,C0000146,RET,SE,B037,5185.67,5198.6,3,4597.460000000001
T000000370,A00000286,2024-01-31,DEP,135.52,ATM,5541,DEP WIRE REF147309,2024-01-31,USD,SAV,C0000147,SMB,SW,B037,5784.15,5919.67,5,5919.67
T000000371,A00000289,2024-01-31,WDR,43,WIRE,5912,WDR POS REF411500,2024-01-31,USD,SAV,C0000148,RET,SE,B045,3141.19,3098.19,5,3098.19
T000000372,A00000289,2024-01-31,REV,34.18,MOBILE,5541,REV ONLINE REF520037,2024-01-31,USD,SAV,C0000148,RET,SE,B045,3141.19,3175.37,5,3132.37
T000000373,A00000289,2024-01-31,DEP,58.23,MOBILE,5812,DEP BRANCH REF771594,2024-01-31,USD,SAV,C0000148,RET,SE,B045,3141.19,3199.42,5,3190.6
T000000374,A00000291,2024-01-31,INT,161.5,POS,0000,INT POS REF834643,2024-01-31,USD,CHK,C0000149,RET,NE,B009,819909.15,820070.65,,820070.65
T000000375,A00000291,2024-01-31,DEP,5.79,POS,7011,DEP WIRE REF640743,2024-01-31,USD,CHK,C0000149,RET,NE,B009,819909.15,819914.9400000001,,820076.4400000001
T000000376,A00000292,2024-01-31,WDR,38.5,WIRE,4900,WDR MOBILE REF739302,2024-01-31,USD,SAV,C0000150,RET,SW,B005,9411.55,9373.05,3,9373.05
T000000377,A00000293,2024-01-31,INT,201.98,ONLINE,5812,INT BRANCH REF601876,2024-01-31,USD,PERS,C0000150,RET,SW,B024,41297.28,41499.26,3,41499.26
T000000378,A00000293,2024-01-31,CHG,3,ATM,5812,CHG POS REF753914,2024-01-31,USD,PERS,C0000150,RET,SW,B024,41297.28,41294.28,3,41496.26
T000000379,A00000295,2024-01-31,DEP,6.29,BRANCH,5411,DEP BRANCH REF441564,2024-01-31,USD,CHK,C0000152,PB,MW,B012,2487.16,2493.45,6,2493.45
T000000380,A00000296,2024-01-31,REV,6.96,BRANCH,0000,REV WIRE REF384787,2024-01-31,USD,SAV,C0000153,SMB,NW,B048,735.04,742,3,742
T000000381,A00000297,2024-01-31,FEE,9.95,WIRE,4900,FEE WIRE REF279891,2024-01-31,USD,LOC,C0000154,RET,SW,B001,2249.32,2239.3700000000003,2,2239.3700000000003
T000000382,A00000299,2024-01-31,TRF,56,BRANCH,5912,TRF ATM REF748929,2024-01-31,USD,SAV,C0000155,COMM,MW,B010,9646.68,9702.68,3,9702.68
T000000383,A00000299,2024-01-31,WDR,293.28,ACH,6011,WDR ATM REF748722,2024-01-31,USD,SAV,C0000155,COMM,MW,B010,9646.68,9353.4,3,9409.4
T000000384,A00000300,2024-01-31,PMT,245.04,ONLINE,5912,PMT BRANCH REF659628,2024-01-31,USD,CC,C0000155,COMM,MW,B048,9832.93,9587.89,3,9587.89
T000000385,A00000300,2024-01-31,PMT,632.08,POS,5812,PMT ACH REF727639,2024-01-31,USD,CC,C0000155,COMM,MW,B048,9832.93,9200.85,3,8955.81
T000000386,A00000301,2024-01-31,FEE,35,WIRE,6011,FEE ATM REF734971,2024-02-01,USD,CC,C0000156,PREM,W,B018,1133.34,1098.34,2,1098.34
T000000387,A00000301,2024-01-31,PMT,1620.86,WIRE,7011,PMT WIRE REF530392,2024-01-31,USD,CC,C0000156,PREM,W,B018,1133.34,-487.52,2,-522.52
T000000388,A00000301,2024-01-31,FEE,3,WIRE,4900,FEE ONLINE REF677393,2024-01-31,USD,CC,C0000156,PREM,W,B018,1133.34,1130.34,2,-525.52
T000000389,A00000302,2024-01-31,TRF,60.19,WIRE,0000,TRF ATM REF475386,2024-01-31,USD,SAV,C0000156,PREM,W,B036,8457.21,8517.4,2,8517.4
T000000390,A00000302,2024-01-31,WDR,321.34,ATM,7011,WDR MOBILE REF930190,2024-02-01,USD,SAV,C0000156,PREM,W,B036,8457.21,8135.869999999999,2,8196.06
T000000391,A00000303,2024-01-31,DEP,197.35,ATM,6011,DEP POS REF344157,2024-01-31,USD,CHK,C0000156,PREM,W,B006,4549.52,4746.870000000001,2,4746.870000000001
T000000392,A00000303,2024-01-31,INT,209.25,POS,0000,INT BRANCH REF286246,2024-01-31,USD,CHK,C0000156,PREM,W,B006,4549.52,4758.77,2,4956.120000000001
T000000393,A00000304,2024-01-31,CHG,12,ACH,4900,CHG MOBILE REF262801,2024-02-01,USD,CC,C0000157,RET,MW,B044,4874.86,4862.86,7,4862.86
T000000394,A00000304,2024-01-31,CHG,35,ATM,4900,CHG BRANCH REF238206,2024-01-31,USD,CC,C0000157,RET,MW,B044,4874.86,4839.86,7,4827.86
T000000395,A00000304,2024-01-31,PMT,998.05,WIRE,5912,PMT BRANCH REF812555,2024-01-31,USD,CC,C0000157,RET,MW,B044,4874.86,3876.8099999999995,7,3829.8099999999995
T000000396,A00000304,2024-01-31,CHG,12,ATM,4900,CHG WIRE REF268937,2024-01-31,USD,CC,C0000157,RET,MW,B044,4874.86,4862.86,7,3817.8099999999995
T000000397,A00000304,2024-01-31,CHG,12,MOBILE,0000,CHG BRANCH REF369294,2024-02-01,USD,CC,C0000157,RET,MW,B044,4874.86,4862.86,7,3805.8099999999995
T000000398,A00000304,2024-01-31,FEE,35,ATM,5411,FEE BRANCH REF750756,2024-02-01,USD,CC,C0000157,RET,MW,B044,4874.86,4839.86,7,3770.8099999999995
T000000399,A00000306,2024-01-31,CHG,25,ATM,0000,CHG ONLINE REF361010,2024-02-01,USD,MTG,C0000158,RET,SW,B037,817778.09,817753.09,4,817753.09
T000000400,A00000308,2024-01-31,INT,223.9,WIRE,5912,INT POS REF814098,2024-01-31,USD,CHK,C0000158,RET,SW,B045,23541.87,23765.77,4,23765.77
T000000401,A00000308,2024-01-31,WDR,391.26,ATM,7011,WDR POS REF994700,2024-01-31,USD,CHK,C0000158,RET,SW,B045,23541.87,23150.61,4,23374.510000000002
T000000402,A00000308,2024-01-31,DEP,54.97,WIRE,7011,DEP POS REF404771,2024-01-31,USD,CHK,C0000158,RET,SW,B045,23541.87,23596.84,4,23429.480000000003
T000000403,A00000309,2024-01-31,PMT,458.14,ATM,5541,PMT ATM REF805060,2024-01-31,USD,LOC,C0000159,RET,NW,B028,10200.56,9742.42,3,9742.42
T000000404,A00000310,2024-01-31,FEE,35,ATM,4900,FEE MOBILE REF964208,2024-01-31,USD,MTG,C0000159,RET,NW,B008,651563.23,651528.23,3,651528.23
T000000405,A00000311,2024-01-31,DEP,47.85,ACH,6011,DEP ONLINE REF226487,2024-01-31,USD,SAV,C0000159,RET,NW,B016,2412.48,2460.33,3,2460.33
T000000406,A00000311,2024-01-31,WDR,19.8,WIRE,5812,WDR WIRE REF633486,2024-01-31,USD,SAV,C0000159,RET,NW,B016,2412.48,2392.68,3,2440.5299999999997
T000000407,A00000312,2024-01-31,PMT,1302.71,BRANCH,0000,PMT MOBILE REF445807,2024-01-31,USD,HELC,C0000160,RET,SW,B024,37050.3,35747.590000000004,2,35747.590000000004
T000000408,A00000313,2024-01-31,TRF,-127.37,ONLINE,7011,TRF ATM REF995698,2024-01-31,USD,SAV,C0000161,PB,W,B016,6775.84,6648.47,2,6648.47
T000000409,A00000314,2024-01-31,CHG,9.95,POS,5541,CHG BRANCH REF338888,2024-01-31,USD,AUTO,C0000161,PB,W,B036,40782.09,40772.14,2,40772.14
T000000410,A00000314,2024-01-31,INT,214.19,POS,0000,INT WIRE REF799860,2024-01-31,USD,AUTO,C0000161,PB,W,B036,40782.09,40996.28,2,40986.33
T000000411,A00000315,2024-01-31,FEE,35,BRANCH,5912,FEE ONLINE REF759599,2024-01-31,USD,MTG,C0000161,PB,W,B046,174576.14,174541.14,2,174541.14
T000000412,A00000315,2024-01-31,FEE,35,POS,5411,FEE BRANCH REF275348,2024-01-31,USD,MTG,C0000161,PB,W,B046,174576.14,174541.14,2,174506.14
T000000413,A00000318,2024-01-31,DEP,53.65,MOBILE,5912,DEP POS REF917991,2024-02-01,USD,CHK,C0000164,PREM,SE,B009,22342.61,22396.260000000002,5,22396.260000000002
T000000414,A00000319,2024-01-31,WDR,477.55,ATM,4900,WDR WIRE REF736864,2024-01-31,USD,IRA,C0000164,PREM,SE,B041,107173.03,106695.48,5,106695.48
T000000415,A00000319,2024-01-31,DEP,43.11,ATM,0000,DEP ATM REF928170,2024-01-31,USD,IRA,C0000164,PREM,SE,B041,107173.03,107216.14,5,106738.59
T000000416,A00000320,2024-01-31,TRF,-52.19,ACH,5812,TRF WIRE REF659387,2024-01-31,USD,CHK,C0000165,SMB,W,B019,7069.05,7016.860000000001,4,7016.860000000001
T000000417,A00000320,2024-01-31,WDR,250.02,ACH,6011,WDR BRANCH REF159337,2024-01-31,USD,CHK,C0000165,SMB,W,B019,7069.05,6819.03,4,6766.84
T000000418,A00000320,2024-01-31,DEP,1890.88,MOBILE,7011,DEP MOBILE REF683005,2024-01-31,USD,CHK,C0000165,SMB,W,B019,7069.05,8959.93,4,8657.720000000001
T000000419,A00000325,2024-01-31,FEE,3,ACH,7011,FEE WIRE REF231570,2024-01-31,USD,MTG,C0000168,RET,SE,B015,695771.64,695768.64,4,695768.64
T000000420,A00000326,2024-01-31,REF,1409.83,BRANCH,5541,REF ONLINE REF538512,2024-01-31,USD,HELC,C0000169,PB,MW,B007,253046.66,254456.49,5,254456.49
T000000421,A00000327,2024-01-31,REV,180.84,WIRE,5541,REV WIRE REF222318,2024-01-31,USD,CHK,C0000169,PB,MW,B009,1508.55,1689.3899999999999,5,1689.3899999999999
T000000422,A00000327,2024-01-31,WDR,85.64,MOBILE,7011,WDR ATM REF238020,2024-02-01,USD,CHK,C0000169,PB,MW,B009,1508.55,1422.9099999999999,5,1603.7499999999998
T000000423,A00000328,2024-01-31,WDR,95.39,ONLINE,5912,WDR BRANCH REF243166,2024-01-31,USD,CD,C0000170,RET,W,B012,18853.25,18757.86,2,18757.86
T000000424,A00000328,2024-01-31,WDR,270.88,ATM,4900,WDR POS REF227499,2024-01-31,USD,CD,C0000170,RET,W,B012,18853.25,18582.37,2,18486.98
T000000425,A00000328,2024-01-31,TRF,-50.14,BRANCH,4900,TRF BRANCH REF568876,2024-01-31,USD,CD,C0000170,RET,W,B012,18853.25,18803.11,2,18436.84
T000000426,A00000330,2024-01-31,CHG,9.95,BRANCH,5541,CHG ATM REF477456,2024-02-01,USD,CC,C0000170,RET,W,B010,1051.31,1041.36,2,1041.36
T000000427,A00000330,2024-01-31,CHG,12,ONLINE,4900,CHG ONLINE REF130209,2024-01-31,USD,CC,C0000170,RET,W,B010,1051.31,1039.31,2,1029.36
T000000428,A00000331,2024-01-31,WDR,13.39,WIRE,7011,WDR BRANCH REF343396,2024-01-31,USD,MMA,C0000171,PREM,NE,B046,55281.79,55268.4,2,55268.4
T000000429,A00000332,2024-01-31,CHG,12,ATM,5912,CHG ONLINE REF187117,2024-01-31,USD,PERS,C0000171,PREM,NE,B026,37613.97,37601.97,2,37601.97
T000000430,A00000333,2024-01-31,PMT,367.89,WIRE,6011,PMT POS REF979410,2024-01-31,USD,CC,C0000172,SMB,MW,B023,5913.13,5545.24,2,5545.24
T000000431,A00000333,2024-01-31,CHG,35,MOBILE,6011,CHG WIRE REF763524,2024-01-31,USD,CC,C0000172,SMB,MW,B023,5913.13,5878.13,2,5510.24
T000000432,A00000336,2024-01-31,WDR,73.41,BRANCH,5541,WDR BRANCH REF627301,2024-02-01,USD,SAV,C0000174,RET,SW,B009,38631.63,38558.219999999994,3,38558.219999999994
T000000433,A00000337,2024-01-31,INT,226.88,ATM,4900,INT BRANCH REF378553,2024-01-31,USD,MTG,C0000174,RET,SW,B016,286921.78,287148.66000000003,3,287148.66000000003
T000000434,A00000338,2024-01-31,WDR,52.77,POS,5912,WDR BRANCH REF173469,2024-02-01,USD,IRA,C0000174,RET,SW,B011,176537.84,176485.07,3,176485.07
T000000435,A00000339,2024-01-31,REF,612.11,ONLINE,4900,REF ATM REF390792,2024-01-31,USD,CC,C0000174,RET,SW,B003,5700.36,6312.469999999999,3,6312.469999999999
T000000436,A00000341,2024-01-31,CHG,25,ONLINE,6011,CHG MOBILE REF799934,2024-01-31,USD,MTG,C0000176,RET,SW,B047,429685.68,429660.68,6,429660.68
T000000437,A00000342,2024-01-31,WDR,3.18,BRANCH,7011,WDR POS REF474673,2024-01-31,USD,CHK,C0000176,RET,SW,B013,2733.39,2730.21,6,2730.21
T000000438,A00000343,2024-01-31,FEE,12,ATM,5912,FEE ACH REF745751,2024-02-01,USD,CHK,C0000177,RET,W,B002,158863.6,158851.6,,158851.6
T000000439,A00000348,2024-01-31,CHG,3,MOBILE,5541,CHG BRANCH REF695873,2024-01-31,USD,CC,C0000180,CORP,NW,B004,686.97,683.97,,683.97
T000000440,A00000348,2024-01-31,CHG,25,ONLINE,5812,CHG ACH REF981119,2024-01-31,USD,CC,C0000180,CORP,NW,B004,686.97,661.97,,658.97
T000000441,A00000350,2024-01-31,CHG,12,POS,7011,CHG BRANCH REF196259,2024-01-31,USD,AUTO,C0000182,SMB,NW,B020,46092.89,46080.89,2,46080.89
T000000442,A00000350,2024-01-31,INT,61.87,BRANCH,5912,INT POS REF947873,2024-01-31,USD,AUTO,C0000182,SMB,NW,B020,46092.89,46154.76,2,46142.76
T000000443,A00000350,2024-01-31,INT,217.99,POS,5912,INT ATM REF290041,2024-01-31,USD,AUTO,C0000182,SMB,NW,B020,46092.89,46310.88,2,46360.75
T000000444,A00000351,2024-01-31,PMT,575.24,POS,5411,PMT MOBILE REF399950,2024-01-31,USD,MTG,C0000182,SMB,NW,B015,589461.08,588885.84,2,588885.84
T000000445,A00000351,2024-01-31,PMT,1979.93,WIRE,5411,PMT MOBILE REF201134,2024-01-31,USD,MTG,C0000182,SMB,NW,B015,589461.08,587481.1499999999,2,586905.9099999999
T000000446,A00000353,2024-01-31,TRF,292.78,ONLINE,0000,TRF ATM REF602002,2024-01-31,USD,CD,C0000184,CORP,W,B032,-1242.33,-949.55,5,-949.55
T000000447,A00000354,2024-01-31,WDR,30.87,POS,0000,WDR ATM REF268300,2024-01-31,USD,MMA,C0000185,PB,MW,B040,22291.13,22260.260000000002,7,22260.260000000002
T000000448,A00000354,2024-01-31,FEE,12,BRANCH,5411,FEE BRANCH REF137584,2024-01-31,USD,MMA,C0000185,PB,MW,B040,22291.13,22279.13,7,22248.260000000002
T000000449,A00000354,2024-01-31,WDR,62.01,ONLINE,5411,WDR MOBILE REF153656,2024-02-01,USD,MMA,C0000185,PB,MW,B040,22291.13,22229.120000000003,7,22186.250000000004
T000000450,A00000354,2024-01-31,DEP,439.91,MOBILE,7011,DEP MOBILE REF363876,2024-01-31,USD,MMA,C0000185,PB,MW,B040,22291.13,22731.04,7,22626.160000000003
T000000451,A00000354,2024-01-31,FEE,3,MOBILE,7011,FEE ONLINE REF273715,2024-01-31,USD,MMA,C0000185,PB,MW,B040,22291.13,22288.13,7,22623.160000000003
T000000452,A00000354,2024-01-31,DEP,62.66,ATM,5541,DEP MOBILE REF435750,2024-01-31,USD,MMA,C0000185,PB,MW,B040,22291.13,22353.79,7,22685.820000000003
T000000453,A00000355,2024-01-31,CHG,12,ATM,4900,CHG MOBILE REF273853,2024-01-31,USD,CC,C0000185,PB,MW,B010,722.95,710.95,7,710.95
T000000454,A00000355,2024-01-31,CHG,9.95,ONLINE,6011,CHG BRANCH REF835111,2024-01-31,USD,CC,C0000185,PB,MW,B010,722.95,713,7,701
T000000455,A00000356,2024-01-31,WDR,26.1,POS,7011,WDR WIRE REF291249,2024-02-01,USD,CHK,C0000186,PREM,NE,B027,2050.73,2024.63,2,2024.63
T000000456,A00000357,2024-01-31,WDR,40.41,BRANCH,7011,WDR BRANCH REF295088,2024-01-31,USD,CHK,C0000186,PREM,NE,B037,2812.36,2771.9500000000003,2,2771.9500000000003
T000000457,A00000358,2024-01-31,INT,85.21,ATM,5912,INT BRANCH REF696517,2024-01-31,USD,CC,C0000187,RET,NE,B041,15770.04,15855.25,3,15855.25
T000000458,A00000358,2024-01-31,CHG,25,WIRE,5541,CHG BRANCH REF779621,2024-01-31,USD,CC,C0000187,RET,NE,B041,15770.04,15745.04,3,15830.25
T000000459,A00000358,2024-01-31,INT,106.32,POS,5912,INT ACH REF985309,2024-01-31,USD,CC,C0000187,RET,NE,B041,15770.04,15876.36,3,15936.57
T000000460,A00000359,2024-01-31,PMT,488.93,BRANCH,4900,PMT ACH REF891113,2024-01-31,USD,CC,C0000187,RET,NE,B012,2833.48,2344.55,3,2344.55
T000000461,A00000359,2024-01-31,CHG,3,ACH,0000,CHG WIRE REF378668,2024-01-31,USD,CC,C0000187,RET,NE,B012,2833.48,2830.48,3,2341.55
T000000462,A00000359,2024-01-31,REF,1293.43,ATM,6011,REF WIRE REF774610,2024-01-31,USD,CC,C0000187,RET,NE,B012,2833.48,4126.91,3,3634.9800000000005
T000000463,A00000360,2024-01-31,PMT,937.43,MOBILE,5912,PMT BRANCH REF304144,2024-02-01,USD,CC,C0000187,RET,NE,B043,6191.29,5253.86,3,5253.86
T000000464,A00000362,2024-01-31,FEE,3,ATM,0000,FEE ONLINE REF730057,2024-01-31,USD,MTG,C0000188,SMB,NE,B008,126499.81,126496.81,2,126496.81
T000000465,A00000362,2024-01-31,CHG,25,ACH,5541,CHG ACH REF806103,2024-01-31,USD,MTG,C0000188,SMB,NE,B008,126499.81,126474.81,2,126471.81
T000000466,A00000365,2024-01-31,WDR,50.13,ACH,5812,WDR ACH REF187524,2024-01-31,USD,SAV,C0000190,SMB,SW,B032,1181.99,1131.86,,1131.86
T000000467,A00000367,2024-01-31,WDR,131.77,ONLINE,5411,WDR ACH REF121612,2024-01-31,USD,SAV,C0000191,SMB,SE,B042,6881.22,6749.45,1,6749.45
T000000468,A00000368,2024-01-31,FEE,3,MOBILE,5411,FEE BRANCH REF187586,2024-01-31,USD,CC,C0000191,SMB,SE,B043,9971.89,9968.89,1,9968.89
T000000469,A00000369,2024-01-31,PMT,1344.2,WIRE,5912,PMT ONLINE REF808406,2024-01-31,USD,CC,C0000192,SMB,W,B014,988.27,-355.93000000000006,2,-355.93000000000006
T000000470,A00000370,2024-01-31,WDR,58.95,BRANCH,6011,WDR POS REF991243,2024-01-31,USD,MMA,C0000192,SMB,W,B019,152495.62,152436.66999999998,2,152436.66999999998
T000000471,A00000370,2024-01-31,DEP,4.96,MOBILE,5411,DEP BRANCH REF103841,2024-01-31,USD,MMA,C0000192,SMB,W,B019,152495.62,152500.58,2,152441.62999999998
T000000472,A00000371,2024-01-31,ADJ,-202.03,ATM,7011,ADJ BRANCH REF204694,2024-01-31,USD,CHK,C0000192,SMB,W,B048,15024.86,14822.83,2,14822.83
T000000473,A00000371,2024-01-31,WDR,37.62,BRANCH,0000,WDR ACH REF942375,2024-01-31,USD,CHK,C0000192,SMB,W,B048,15024.86,14987.24,2,14785.21
T000000474,A00000372,2024-01-31,WDR,89.75,MOBILE,0000,WDR MOBILE REF302839,2024-01-31,USD,SAV,C0000192,SMB,W,B030,3060.87,2971.12,2,2971.12
T000000475,A00000373,2024-01-31,WDR,27.66,ACH,7011,WDR MOBILE REF561191,2024-02-01,USD,CD,C0000193,SMB,SW,B048,69683.06,69655.4,2,69655.4
T000000476,A00000374,2024-01-31,DEP,234.27,WIRE,5541,DEP POS REF689163,2024-01-31,USD,CHK,C0000193,SMB,SW,B041,16513.25,16747.52,2,16747.52
T000000477,A00000374,2024-01-31,DEP,25.22,ONLINE,5541,DEP ONLINE REF423433,2024-01-31,USD,CHK,C0000193,SMB,SW,B041,16513.25,16538.47,2,16772.74
T000000478,A00000374,2024-01-31,TRF,141.87,ACH,5541,TRF BRANCH REF131989,2024-01-31,USD,CHK,C0000193,SMB,SW,B041,16513.25,16655.12,2,16914.61
T000000479,A00000376,2024-01-31,PMT,1065.2,WIRE,5812,PMT ONLINE REF769262,2024-01-31,USD,CC,C0000194,RET,SW,B028,1408.73,343.53,1,343.53
T000000480,A00000378,2024-01-31,PMT,1581.24,MOBILE,5912,PMT ONLINE REF857135,2024-01-31,USD,MTG,C0000195,RET,SW,B002,460583.36,459002.12,3,459002.12
T000000481,A00000379,2024-01-31,DEP,65.75,ONLINE,5812,DEP ACH REF782026,2024-01-31,USD,CHK,C0000195,RET,SW,B006,3161.45,3227.2,3,3227.2
T000000482,A00000380,2024-01-31,WDR,321.08,BRANCH,7011,WDR WIRE REF266855,2024-01-31,USD,CHK,C0000196,PB,NW,B009,6220.21,5899.13,3,5899.13
T000000483,A00000380,2024-01-31,WDR,315.95,WIRE,5912,WDR ONLINE REF967721,2024-01-31,USD,CHK,C0000196,PB,NW,B009,6220.21,5904.26,3,5583.18
T000000484,A00000380,2024-01-31,INT,4.88,POS,5912,INT BRANCH REF349439,2024-02-01,USD,CHK,C0000196,PB,NW,B009,6220.21,6225.09,3,5588.06
T000000485,A00000381,2024-01-31,REF,1593.35,ACH,4900,REF ONLINE REF758106,2024-01-31,USD,CC,C0000196,PB,NW,B039,494.64,2087.99,3,2087.99
T000000486,A00000382,2024-01-31,TRF,9.48,ATM,0000,TRF ATM REF437730,2024-02-01,USD,SAV,C0000197,RET,SW,B029,2241.86,2251.34,4,2251.34
T000000487,A00000384,2024-01-31,FEE,3,ACH,4900,FEE POS REF495281,2024-01-31,USD,IRA,C0000198,RET,SW,B016,32306.46,32303.46,2,32303.46
T000000488,A00000384,2024-01-31,DEP,31.8,ONLINE,5541,DEP MOBILE REF562945,2024-01-31,USD,IRA,C0000198,RET,SW,B016,32306.46,32338.26,2,32335.26
T000000489,A00000385,2024-01-31,INT,100.39,POS,5411,INT ATM REF558691,2024-01-31,USD,CHK,C0000199,RET,SE,B024,4792.37,4892.76,4,4892.76
T000000490,A00000385,2024-01-31,FEE,3,WIRE,6011,FEE POS REF451760,2024-01-31,USD,CHK,C0000199,RET,SE,B024,4792.37,4789.37,4,4889.76
T000000491,A00000387,2024-01-31,PMT,326.78,ATM,4900,PMT MOBILE REF743706,2024-02-01,USD,MTG,C0000200,CORP,NW,B030,374621.3,374294.51999999996,3,374294.51999999996
T000000492,A00000387,2024-01-31,PMT,1851.71,ATM,7011,PMT ATM REF696729,2024-01-31,USD,MTG,C0000200,CORP,NW,B030,374621.3,372769.58999999997,3,372442.80999999994
T000000493,A00000388,2024-01-31,PMT,2392.59,POS,5411,PMT WIRE REF833791,2024-01-31,USD,PERS,C0000200,CORP,NW,B016,32703.81,30311.22,3,30311.22
T000000494,A00000388,2024-01-31,PMT,2898.74,ATM,5411,PMT ATM REF191125,2024-01-31,USD,PERS,C0000200,CORP,NW,B016,32703.81,29805.07,3,27412.480000000003
T000000495,A00000388,2024-01-31,PMT,1527.22,ACH,0000,PMT POS REF909539,2024-01-31,USD,PERS,C0000200,CORP,NW,B016,32703.81,31176.59,3,25885.260000000002
T000000496,A00000388,2024-01-31,PMT,223.25,WIRE,5411,PMT BRANCH REF192694,2024-01-31,USD,PERS,C0000200,CORP,NW,B016,32703.81,32480.56,3,25662.010000000002
T000000497,A00000388,2024-01-31,INT,180.86,ACH,5812,INT POS REF616264,2024-01-31,USD,PERS,C0000200,CORP,NW,B016,32703.81,32884.67,3,25842.870000000003
T000000498,A00000388,2024-01-31,PMT,180.82,ACH,4900,PMT MOBILE REF366584,2024-01-31,USD,PERS,C0000200,CORP,NW,B016,32703.81,32522.99,3,25662.050000000003
T000000499,A00000390,2024-01-31,WDR,214.08,POS,5541,WDR WIRE REF995665,2024-01-31,USD,IRA,C0000201,RET,NE,B034,34141.32,33927.24,6,33927.24
T000000500,A00000390,2024-01-31,WDR,51.84,ONLINE,0000,WDR BRANCH REF587614,2024-01-31,USD,IRA,C0000201,RET,NE,B034,34141.32,34089.48,6,33875.4
T000000501,A00000391,2024-01-31,INT,130.2,BRANCH,5812,INT MOBILE REF828987,2024-02-01,USD,CC,C0000202,RET,NW,B046,2039.87,2170.0699999999997,2,2170.0699999999997
T000000502,A00000392,2024-01-31,CHG,9.95,ONLINE,5812,CHG ONLINE REF446774,2024-01-31,USD,MTG,C0000203,RET,NW,B038,488867,488857.05,3,488857.05
T000000503,A00000392,2024-01-31,CHG,12,POS,5411,CHG POS REF627179,2024-01-31,USD,MTG,C0000203,RET,NW,B038,488867,488855,3,488845.05
T000000504,A00000392,2024-01-31,CHG,12,ATM,5812,CHG ATM REF842781,2024-01-31,USD,MTG,C0000203,RET,NW,B038,488867,488855,3,488833.05
T000000505,A00000393,2024-01-31,CHG,25,WIRE,5812,CHG ONLINE REF952749,2024-01-31,USD,CC,C0000203,RET,NW,B018,1377.69,1352.69,3,1352.69
T000000506,A00000395,2024-01-31,PMT,1450.52,ACH,5541,PMT MOBILE REF775458,2024-01-31,USD,MTG,C0000204,COMM,W,B037,531992.02,530541.5,7,530541.5
T000000507,A00000397,2024-01-31,CHG,12,WIRE,5411,CHG WIRE REF804740,2024-01-31,USD,CC,C0000205,PB,NE,B002,17186.53,17174.53,2,17174.53
T000000508,A00000397,2024-01-31,PMT,1487.69,MOBILE,5411,PMT ACH REF875840,2024-01-31,USD,CC,C0000205,PB,NE,B002,17186.53,15698.839999999998,2,15686.839999999998
T000000509,A00000397,2024-01-31,INT,72.86,WIRE,5411,INT ONLINE REF656708,2024-01-31,USD,CC,C0000205,PB,NE,B002,17186.53,17259.39,2,15759.699999999999
T000000510,A00000400,2024-01-31,CHG,35,POS,5411,CHG ONLINE REF440925,2024-01-31,USD,MTG,C0000206,PREM,MW,B034,91647.13,91612.13,3,91612.13
T000000511,A00000401,2024-01-31,WDR,72.35,ONLINE,5411,WDR BRANCH REF458475,2024-01-31,USD,CHK,C0000207,RET,SE,B001,1893.2,1820.8500000000001,3,1820.8500000000001
T000000512,A00000401,2024-01-31,DEP,47.9,ATM,6011,DEP ACH REF383922,2024-01-31,USD,CHK,C0000207,RET,SE,B001,1893.2,1941.1000000000001,3,1868.7500000000002
T000000513,A00000403,2024-01-31,TRF,-133.33,BRANCH,5541,TRF MOBILE REF702561,2024-01-31,USD,CHK,C0000207,RET,SE,B029,4303.79,4170.46,3,4170.46
T000000514,A00000404,2024-01-31,PMT,469.32,MOBILE,5912,PMT BRANCH REF394122,2024-01-31,USD,CC,C0000208,RET,MW,B040,8167.93,7698.610000000001,2,7698.610000000001
T000000515,A00000404,2024-01-31,CHG,9.95,WIRE,5812,CHG MOBILE REF333736,2024-01-31,USD,CC,C0000208,RET,MW,B040,8167.93,8157.9800000000005,2,7688.660000000001
T000000516,A00000404,2024-01-31,INT,21.86,WIRE,5912,INT MOBILE REF523503,2024-01-31,USD,CC,C0000208,RET,MW,B040,8167.93,8189.79,2,7710.52
T000000517,A00000406,2024-01-31,PMT,1754.28,ACH,4900,PMT WIRE REF566444,2024-02-01,USD,AUTO,C0000209,SMB,MW,B027,52369.63,50615.35,6,50615.35
T000000518,A00000406,2024-01-31,PMT,2387.31,POS,7011,PMT POS REF103521,2024-01-31,USD,AUTO,C0000209,SMB,MW,B027,52369.63,49982.32,6,48228.04
T000000519,A00000408,2024-01-31,WDR,35.05,WIRE,0000,WDR WIRE REF972904,2024-01-31,USD,CHK,C0000209,SMB,MW,B046,15804.68,15769.630000000001,6,15769.630000000001
T000000520,A00000409,2024-01-31,CHG,9.95,BRANCH,0000,CHG WIRE REF975289,2024-01-31,USD,CC,C0000210,SMB,SE,B008,8725.52,8715.57,3,8715.57
T000000521,A00000410,2024-01-31,PMT,2680.34,ATM,0000,PMT BRANCH REF535109,2024-01-31,USD,PERS,C0000210,SMB,SE,B004,28613.38,25933.04,3,25933.04
T000000522,A00000414,2024-01-31,FEE,9.95,BRANCH,5541,FEE ATM REF369183,2024-01-31,USD,CHK,C0000213,RET,W,B030,198.3,188.35000000000002,4,188.35000000000002
T000000523,A00000414,2024-01-31,DEP,15.9,BRANCH,5812,DEP BRANCH REF224039,2024-01-31,USD,CHK,C0000213,RET,W,B030,198.3,214.20000000000002,4,204.25000000000003
T000000524,A00000414,2024-01-31,WDR,8.45,POS,5912,WDR BRANCH REF835587,2024-01-31,USD,CHK,C0000213,RET,W,B030,198.3,189.85000000000002,4,195.80000000000004
T000000525,A00000415,2024-01-31,PMT,176.02,BRANCH,5541,PMT POS REF991100,2024-01-31,USD,CC,C0000214,PREM,NE,B038,8202.87,8026.85,6,8026.85
T000000526,A00000416,2024-01-31,TRF,95.27,ATM,0000,TRF WIRE REF900362,2024-01-31,USD,MMA,C0000214,PREM,NE,B017,138105.29,138200.56,6,138200.56
T000000527,A00000417,2024-01-31,WDR,78.95,WIRE,6011,WDR ATM REF352115,2024-01-31,USD,CHK,C0000214,PREM,NE,B026,4263.44,4184.49,6,4184.49
T000000528,A00000418,2024-01-31,WDR,13.63,WIRE,5912,WDR ATM REF639313,2024-01-31,USD,IRA,C0000215,RET,NE,B032,18831.36,18817.73,,18817.73
T000000529,A00000419,2024-01-31,WDR,109.95,ACH,5411,WDR ATM REF867619,2024-01-31,USD,CD,C0000215,RET,NE,B013,63148.3,63038.350000000006,,63038.350000000006
T000000530,A00000420,2024-01-31,INT,92.91,BRANCH,5812,INT ONLINE REF241905,2024-01-31,USD,CC,C0000216,PREM,MW,B009,18148.24,18241.15,3,18241.15
T000000531,A00000420,2024-01-31,ADJ,-1103.25,BRANCH,5912,ADJ WIRE REF858105,2024-01-31,USD,CC,C0000216,PREM,MW,B009,18148.24,17044.99,3,17137.9
T000000532,A00000420,2024-01-31,INT,189.43,ONLINE,5541,INT ONLINE REF408344,2024-01-31,USD,CC,C0000216,PREM,MW,B009,18148.24,18337.670000000002,3,17327.33
T000000533,A00000421,2024-01-31,WDR,235.85,POS,6011,WDR POS REF611269,2024-02-01,USD,SAV,C0000216,PREM,MW,B015,3854.92,3619.07,3,3619.07
T000000534,A00000422,2024-01-31,TRF,-52.59,ACH,4900,TRF ATM REF955598,2024-01-31,USD,CHK,C0000217,RET,NW,B045,1515.99,1463.4,6,1463.4
T000000535,A00000422,2024-01-31,DEP,171.54,MOBILE,4900,DEP ONLINE REF846577,2024-01-31,USD,CHK,C0000217,RET,NW,B045,1515.99,1687.53,6,1634.94
T000000536,A00000425,2024-01-31,TRF,33.53,MOBILE,5812,TRF ONLINE REF194599,2024-01-31,USD,IRA,C0000219,RET,MW,B025,10742.3,10775.83,3,10775.83
T000000537,A00000427,2024-01-31,WDR,43.68,ATM,5541,WDR ACH REF732111,2024-01-31,USD,CHK,C0000219,RET,MW,B014,976.87,933.19,3,933.19
T000000538,A00000427,2024-01-31,FEE,25,WIRE,5812,FEE ONLINE REF899841,2024-01-31,USD,CHK,C0000219,RET,MW,B014,976.87,951.87,3,908.19
T000000539,A00000427,2024-01-31,DEP,161.95,ONLINE,0000,DEP ONLINE REF936470,2024-01-31,USD,CHK,C0000219,RET,MW,B014,976.87,1138.82,3,1070.14
T000000540,A00000429,2024-01-31,INT,7.12,ACH,0000,INT ACH REF645730,2024-01-31,USD,LOC,C0000220,PREM,NW,B033,9147.76,9154.880000000001,3,9154.880000000001
T000000541,A00000429,2024-01-31,PMT,1421.93,ONLINE,5912,PMT ONLINE REF172580,2024-02-01,USD,LOC,C0000220,PREM,NW,B033,9147.76,7725.83,3,7732.950000000001
T000000542,A00000430,2024-01-31,DEP,63.15,MOBILE,6011,DEP WIRE REF661149,2024-02-01,USD,MMA,C0000221,RET,W,B042,143580.34,143643.49,4,143643.49
T000000543,A00000430,2024-01-31,WDR,213.5,WIRE,5812,WDR MOBILE REF335675,2024-02-01,USD,MMA,C0000221,RET,W,B042,143580.34,143366.84,4,143429.99
T000000544,A00000430,2024-01-31,TRF,-101.89,BRANCH,4900,TRF POS REF430042,2024-01-31,USD,MMA,C0000221,RET,W,B042,143580.34,143478.44999999998,4,143328.09999999998
T000000545,A00000431,2024-01-31,PMT,344.12,MOBILE,5812,PMT ONLINE REF865701,2024-01-31,USD,PERS,C0000222,RET,SW,B002,13839.28,13495.16,4,13495.16
T000000546,A00000432,2024-01-31,DEP,93.6,ONLINE,5411,DEP ACH REF775459,2024-02-01,USD,CHK,C0000222,RET,SW,B019,97635.8,97729.40000000001,4,97729.40000000001
T000000547,A00000434,2024-01-31,DEP,164.93,MOBILE,5812,DEP MOBILE REF265718,2024-02-01,USD,CHK,C0000223,PREM,W,B018,315.25,480.18,2,480.18
T000000548,A00000436,2024-01-31,TRF,122.68,ATM,0000,TRF ONLINE REF663275,2024-01-31,USD,CHK,C0000224,PB,NW,B032,25913.07,26035.75,2,26035.75
T000000549,A00000437,2024-01-31,INT,91.57,POS,7011,INT POS REF434192,2024-02-01,USD,CC,C0000224,PB,NW,B026,119.42,210.99,2,210.99
T000000550,A00000438,2024-01-31,PMT,959,ACH,7011,PMT MOBILE REF380828,2024-01-31,USD,MTG,C0000225,RET,W,B028,352913.13,351954.13,4,351954.13
T000000551,A00000439,2024-01-31,PMT,469.32,BRANCH,5541,PMT BRANCH REF286260,2024-01-31,USD,AUTO,C0000226,RET,W,B015,35772.34,35303.02,5,35303.02
T000000552,A00000439,2024-01-31,PMT,3093.48,POS,6011,PMT MOBILE REF516603,2024-02-01,USD,AUTO,C0000226,RET,W,B015,35772.34,32678.859999999997,5,32209.539999999997
T000000553,A00000439,2024-01-31,CHG,12,MOBILE,7011,CHG MOBILE REF364069,2024-01-31,USD,AUTO,C0000226,RET,W,B015,35772.34,35760.34,5,32197.539999999997
T000000554,A00000440,2024-01-31,FEE,3,ATM,0000,FEE ACH REF978501,2024-01-31,USD,IRA,C0000226,RET,W,B036,9828.8,9825.8,5,9825.8
T000000555,A00000441,2024-01-31,CHG,12,BRANCH,4900,CHG ATM REF575735,2024-01-31,USD,AUTO,C0000226,RET,W,B047,44413.21,44401.21,5,44401.21
T000000556,A00000442,2024-01-31,CHG,9.95,ONLINE,6011,CHG POS REF755002,2024-01-31,USD,PERS,C0000226,RET,W,B028,14563.5,14553.55,5,14553.55
T000000557,A00000444,2024-01-31,FEE,3,ONLINE,5541,FEE ACH REF221062,2024-02-01,USD,SAV,C0000227,PREM,NW,B022,8143.07,8140.07,4,8140.07
T000000558,A00000446,2024-01-31,WDR,108.66,ACH,6011,WDR ONLINE REF152411,2024-01-31,USD,CHK,C0000227,PREM,NW,B017,5676.14,5567.4800000000005,4,5567.4800000000005
T000000559,A00000448,2024-01-31,PMT,2372.35,ACH,0000,PMT POS REF723716,2024-01-31,USD,MTG,C0000228,SMB,SW,B011,372150.74,369778.39,5,369778.39
T000000560,A00000449,2024-01-31,TRF,31.68,ONLINE,5912,TRF ONLINE REF956633,2024-01-31,USD,SAV,C0000229,RET,MW,B020,46200.61,46232.29,3,46232.29
T000000561,A00000450,2024-01-31,PMT,2424.03,BRANCH,0000,PMT ACH REF739982,2024-01-31,USD,MTG,C0000229,RET,MW,B005,838951.5,836527.47,3,836527.47
T000000562,A00000451,2024-01-31,WDR,10.87,ONLINE,4900,WDR POS REF779536,2024-01-31,USD,SAV,C0000230,RET,NE,B011,69419.15,69408.28,6,69408.28
T000000563,A00000451,2024-01-31,WDR,78.56,ONLINE,5812,WDR WIRE REF170031,2024-01-31,USD,SAV,C0000230,RET,NE,B011,69419.15,69340.59,6,69329.72
T000000564,A00000451,2024-01-31,FEE,35,POS,5541,FEE ACH REF314323,2024-01-31,USD,SAV,C0000230,RET,NE,B011,69419.15,69384.15,6,69294.72
T000000565,A00000453,2024-01-31,CHG,9.95,BRANCH,5541,CHG MOBILE REF288058,2024-01-31,USD,CC,C0000231,RET,SW,B032,9247.51,9237.56,2,9237.56
T000000566,A00000453,2024-01-31,PMT,1605.31,BRANCH,4900,PMT ONLINE REF471710,2024-01-31,USD,CC,C0000231,RET,SW,B032,9247.51,7642.200000000001,2,7632.25
T000000567,A00000454,2024-01-31,DEP,13.69,ATM,4900,DEP ONLINE REF782221,2024-01-31,USD,SAV,C0000231,RET,SW,B008,7777.39,7791.08,2,7791.08
T000000568,A00000454,2024-01-31,FEE,25,BRANCH,4900,FEE WIRE REF753687,2024-01-31,USD,SAV,C0000231,RET,SW,B008,7777.39,7752.39,2,7766.08
T000000569,A00000455,2024-01-31,WDR,81.15,BRANCH,0000,WDR BRANCH REF383970,2024-01-31,USD,SAV,C0000232,RET,MW,B047,1321.28,1240.1299999999999,2,1240.1299999999999
T000000570,A00000456,2024-01-31,PMT,2528.3,BRANCH,0000,PMT WIRE REF285836,2024-02-01,USD,PERS,C0000232,RET,MW,B016,6277.06,3748.76,2,3748.76
T000000571,A00000457,2024-01-31,WDR,1361.44,POS,5411,WDR ATM REF283466,2024-01-31,USD,SAV,C0000233,RET,SW,B048,379.81,-981.6300000000001,3,-981.6300000000001
T000000572,A00000458,2024-01-31,WDR,23.17,MOBILE,5912,WDR MOBILE REF727690,2024-01-31,USD,CHK,C0000234,RET,SE,B048,70941.12,70917.95,6,70917.95
T000000573,A00000459,2024-01-31,DEP,284.53,POS,4900,DEP POS REF424435,2024-02-01,USD,SAV,C0000234,RET,SE,B042,4062.91,4347.44,6,4347.44
T000000574,A00000459,2024-01-31,DEP,442.41,ONLINE,4900,DEP MOBILE REF218573,2024-01-31,USD,SAV,C0000234,RET,SE,B042,4062.91,4505.32,6,4789.849999999999
T000000575,A00000459,2024-01-31,DEP,91.4,MOBILE,5812,DEP WIRE REF111071,2024-02-01,USD,SAV,C0000234,RET,SE,B042,4062.91,4154.3099999999995,6,4881.249999999999
T000000576,A00000459,2024-01-31,WDR,50.41,BRANCH,5541,WDR ONLINE REF651144,2024-01-31,USD,SAV,C0000234,RET,SE,B042,4062.91,4012.5,6,4830.839999999999
T000000577,A00000459,2024-01-31,WDR,80.44,ONLINE,6011,WDR ACH REF122734,2024-02-01,USD,SAV,C0000234,RET,SE,B042,4062.91,3982.47,6,4750.4
T000000578,A00000459,2024-01-31,INT,172.05,BRANCH,7011,INT ATM REF998720,2024-01-31,USD,SAV,C0000234,RET,SE,B042,4062.91,4234.96,6,4922.45
T000000579,A00000462,2024-01-31,REV,342.69,ATM,6011,REV WIRE REF438656,2024-02-01,USD,CHK,C0000236,RET,NE,B015,42598.31,42941,6,42941
T000000580,A00000463,2024-01-31,FEE,35,BRANCH,5411,FEE ATM REF823592,2024-02-01,USD,LOC,C0000237,CORP,NE,B023,104337.23,104302.23,3,104302.23
T000000581,A00000463,2024-01-31,PMT,1582.88,POS,4900,PMT WIRE REF477199,2024-01-31,USD,LOC,C0000237,CORP,NE,B023,104337.23,102754.34999999999,3,102719.34999999999
T000000582,A00000465,2024-01-31,TRF,-2.64,POS,6011,TRF BRANCH REF188578,2024-01-31,USD,MMA,C0000238,RET,SW,B009,9428.69,9426.050000000001,2,9426.050000000001
T000000583,A00000465,2024-01-31,DEP,14.85,WIRE,7011,DEP MOBILE REF358515,2024-01-31,USD,MMA,C0000238,RET,SW,B009,9428.69,9443.54,2,9440.900000000001
T000000584,A00000466,2024-01-31,WDR,628.44,BRANCH,5812,WDR ONLINE REF915806,2024-02-01,USD,CHK,C0000238,RET,SW,B038,26968.69,26340.25,2,26340.25
T000000585,A00000467,2024-01-31,INT,106.12,ATM,0000,INT POS REF655915,2024-01-31,USD,CC,C0000239,RET,MW,B013,7136.77,7242.89,2,7242.89
T000000586,A00000467,2024-01-31,INT,200.16,MOBILE,6011,INT ONLINE REF677470,2024-01-31,USD,CC,C0000239,RET,MW,B013,7136.77,7336.93,2,7443.05
T000000587,A00000467,2024-01-31,PMT,1460.76,ONLINE,5812,PMT WIRE REF464774,2024-01-31,USD,CC,C0000239,RET,MW,B013,7136.77,5676.01,2,5982.29
T000000588,A00000468,2024-01-31,WDR,57.6,MOBILE,5411,WDR POS REF433257,2024-02-01,USD,CHK,C0000240,RET,SE,B002,7494.19,7436.589999999999,3,7436.589999999999
T000000589,A00000468,2024-01-31,FEE,35,ONLINE,5541,FEE MOBILE REF385117,2024-02-01,USD,CHK,C0000240,RET,SE,B002,7494.19,7459.19,3,7401.589999999999
T000000590,A00000469,2024-01-31,CHG,25,POS,5411,CHG WIRE REF959454,2024-01-31,USD,CC,C0000241,CORP,SE,B039,845.83,820.83,3,820.83
T000000591,A00000469,2024-01-31,CHG,12,POS,7011,CHG MOBILE REF207024,2024-01-31,USD,CC,C0000241,CORP,SE,B039,845.83,833.83,3,808.83
T000000592,A00000469,2024-01-31,PMT,61.42,ACH,4900,PMT ONLINE REF314502,2024-02-01,USD,CC,C0000241,CORP,SE,B039,845.83,784.4100000000001,3,747.4100000000001
T000000593,A00000471,2024-01-31,TRF,299,WIRE,5541,TRF ONLINE REF300072,2024-01-31,USD,CD,C0000242,PREM,SE,B039,22814.15,23113.15,3,23113.15
T000000594,A00000471,2024-01-31,WDR,207.75,ATM,4900,WDR BRANCH REF317586,2024-01-31,USD,CD,C0000242,PREM,SE,B039,22814.15,22606.4,3,22905.4
T000000595,A00000471,2024-01-31,DEP,13.18,ONLINE,7011,DEP POS REF337175,2024-01-31,USD,CD,C0000242,PREM,SE,B039,22814.15,22827.33,3,22918.58
T000000596,A00000471,2024-01-31,WDR,71.45,ONLINE,7011,WDR ATM REF885766,2024-01-31,USD,CD,C0000242,PREM,SE,B039,22814.15,22742.7,3,22847.13
T000000597,A00000471,2024-01-31,DEP,465.59,MOBILE,6011,DEP ACH REF686190,2024-01-31,USD,CD,C0000242,PREM,SE,B039,22814.15,23279.74,3,23312.72
T000000598,A00000471,2024-01-31,DEP,56.96,ONLINE,5912,DEP ONLINE REF850025,2024-01-31,USD,CD,C0000242,PREM,SE,B039,22814.15,22871.11,3,23369.68
T000000599,A00000472,2024-01-31,WDR,20.07,ACH,7011,WDR MOBILE REF567890,2024-01-31,USD,SAV,C0000243,RET,MW,B039,27368.4,27348.33,4,27348.33
T000000600,A00000474,2024-01-31,CHG,35,MOBILE,6011,CHG ATM REF803599,2024-01-31,USD,CC,C0000244,SMB,NE,B046,1215.09,1180.09,2,1180.09
T000000601,A00000475,2024-01-31,FEE,3,ATM,5912,FEE POS REF668953,2024-01-31,USD,CC,C0000245,PREM,NE,B032,378.52,375.52,6,375.52
T000000602,A00000476,2024-01-31,PMT,2525.71,POS,6011,PMT BRANCH REF263934,2024-01-31,USD,MTG,C0000245,PREM,NE,B020,90100.9,87575.18999999999,6,87575.18999999999
T000000603,A00000477,2024-01-31,WDR,107345.92,ACH,4900,DEP ATM REF712090,2024-02-01,USD,IRA,C0000245,PREM,NE,B019,76980.41,-30365.509999999995,6,-30365.509999999995
T000000604,A00000478,2024-01-31,PMT,1444.58,MOBILE,0000,PMT BRANCH REF498691,2024-01-31,USD,CC,C0000245,PREM,NE,B047,5913.77,4469.1900000000005,6,4469.1900000000005
T000000605,A00000479,2024-01-31,WDR,172.67,MOBILE,0000,WDR ACH REF635704,2024-01-31,USD,CHK,C0000246,RET,W,B020,487.54,314.87,3,314.87
T000000606,A00000479,2024-01-31,DEP,17.4,BRANCH,6011,DEP ACH REF100324,2024-01-31,USD,CHK,C0000246,RET,W,B020,487.54,504.94,3,332.27
T000000607,A00000480,2024-01-31,CHG,25,MOBILE,6011,CHG ONLINE REF993551,2024-01-31,USD,MTG,C0000246,RET,W,B026,288152.94,288127.94,3,288127.94
T000000608,A00000483,2024-01-31,CHG,9.95,MOBILE,4900,CHG BRANCH REF982953,2024-01-31,USD,MTG,C0000248,PB,SW,B021,200525.74,200515.78999999998,2,200515.78999999998
T000000609,A00000485,2024-01-31,REV,62.48,POS,5812,REV POS REF273899,2024-01-31,USD,CHK,C0000249,RET,MW,B045,94926.65,94989.12999999999,2,94989.12999999999
T000000610,A00000486,2024-01-31,WDR,1020.26,ACH,0000,WDR ONLINE REF386624,2024-01-31,USD,MMA,C0000249,RET,MW,B035,-1180.17,-2200.4300000000003,2,-2200.4300000000003
