account_id,customer_id,account_type,current_balance,credit_limit,acct_age_months,days_inactive,utilization_pct,customer_segment,region_code,fico_score,vantage_score,bureau_inqs_6mo,bureau_trades_open,bureau_derogs,bureau_util_pct,bureau_oldest_trade_mo,pmt_ontime_12mo,pmt_late_30_12mo,pmt_late_60_12mo,pmt_late_90_12mo,max_days_past_due_ever,months_since_last_dpd,avg_pmt_ratio_12mo,collateral_value,last_appraisal_date,ltv,pd,lgd,ead,expected_loss,new_risk_rating,score_date,model_id,score_timestamp
A00000001,C0000001,CC,880.19,1500,146,89,58.67933333333334,SMB,MW,518,500,2,13,0,46.32,168,7,5,3,1,91,13,0.6016,,,,0.06904085259414924,0.75,1190.095,61.623880101025534,4,2024-01-31,CRM-2023-Q4-V2,2024-01-31T00:00:00
A00000004,C0000003,MTG,360901.23,0,88,2,,RET,W,741,733,0,16,0,65.32,6,12,0,0,0,0,,0.9636,592503.16,2023-12-26,0.6091127513986592,0.021973383605277376,0.08729020111892734,360901.23,692.2306008823534,3,2024-01-31,CRM-2023-Q4-V2,2024-01-31T00:00:00
A00000005,C0000003,HELC,55331.94,250000,155,74,22.132776,RET,W,741,733,0,16,0,65.32,6,10,2,0,0,91,34,0.7072,87289.34,2021-11-03,0.6338911486786359,0.019545368898437415,0.10711291894290875,152665.97,319.6155993700216,3,2024-01-31,CRM-2023-Q4-V2,2024-01-31T00:00:00
A00000008,C0000005,CC,807.31,1500,152,232,53.82066666666666,SMB,NE,609,614,1,14,0,47.81,325,9,3,0,0,128,13,0.9542,,,,0.0426704927429612,0.75,1153.655,36.92027047903567,4,2024-01-31,CRM-2023-Q4-V2,2024-01-31T00:00:00
A00000010,C0000005,MTG,518416.04,0,79,308,,SMB,NE,609,614,1,14,0,47.81,325,7,5,0,0,185,24,0.2362,777378.69,2023-10-23,0.6668770917813557,0.039478770984821776,0.13350167342508454,518416.04,2732.302402789634,4,2024-01-31,CRM-2023-Q4-V2,2024-01-31T00:00:00
A00000011,C0000006,CC,2422.58,3000,139,252,80.75266666666666,PREM,NW,684,678,0,6,0,66.07,164,12,0,0,0,0,,0.8844,,,,0.03116888461380469,0.75,2711.29,63.38091387342189,4,2024-01-31,CRM-2023-Q4-V2,2024-01-31T00:00:00
A00000012,C0000007,AUTO,7930.09,0,99,13,,RET,SE,560,552,0,22,0,21.23,64,11,1,0,0,185,7,0.7521,19994.88,2020-04-06,0.39660603114397286,0.04431144859350694,0,7930.09,0,4,2024-01-31,CRM-2023-Q4-V2,2024-01-31T00:00:00
A00000014,C0000009,CC,1709.08,5000,62,60,34.1816,PREM,MW,555,574,5,1,0,64.28,228,12,0,0,0,0,,0.3932,,,,0.04760795014266556,0.75,3354.54,119.77707980368301,4,2024-01-31,CRM-2023-Q4-V2,2024-01-31T00:00:00
A00000019,C0000012,AUTO,20812.27,0,36,318,,RET,W,556,539,1,13,0,7.27,234,11,1,0,0,128,33,0.924,27569.41,2021-12-08,0.754904439376831,0.04811917943428505,0.20392355150146485,20812.27,204.22318750273124,4,2024-01-31,CRM-2023-Q4-V2,2024-01-31T00:00:00
A00000021,C0000013,PERS,2068.19,0,104,6,,PREM,SE,702,707,1,24,1,88.91,356,11,1,1,1,31,6,0.7768,,,,0.03725759740842388,0.5,2068.19,38.52789519206409,4,2024-01-31,CRM-2023-Q4-V2,2024-01-31T00:00:00
A00000023,C0000014,MTG,127409.93,0,183,13,,CORP,NE,646,638,1,18,1,87.93,283,12,0,0,0,0,,0.7746,128497.79,2023-01-03,0.9915340178224077,0.03499459774775828,0.39322721425792617,127409.93,1753.2661559747785,4,2024-01-31,CRM-2023-Q4-V2,2024-01-31T00:00:00
A00000024,C0000015,CC,2651.4,7500,98,2,35.352,RET,MW,630,653,0,20,0,14.45,266,12,0,0,0,0,,0.6123,,,,0.03990414213518459,0.75,5075.700000000001,151.90609067666733,4,2024-01-31,CRM-2023-Q4-V2,2024-01-31T00:00:00
A00000026,C0000015,MTG,787669.93,0,126,12,,RET,MW,630,653,0,20,0,14.45,266,12,0,0,0,0,,0.5569,878657.25,2023-01-19,0.8964473120776049,0.041924026166710704,0.31715784966208393,787669.93,10473.279995736706,4,2024-01-31,CRM-2023-Q4-V2,2024-01-31T00:00:00
A00000028,C0000016,AUTO,54313.79,0,44,4,,RET,W,718,729,0,18,0,63.52,26,12,0,0,0,0,,0.3649,121118.94,2023-04-02,0.4484334985098119,0.025344878717809077,0,54313.79,0,3,2024-01-31,CRM-2023-Q4-V2,2024-01-31T00:00:00
A00000033,C0000018,AUTO,40503.4,0,105,117,,RET,MW,743,766,0,13,0,50.94,15,12,0,0,0,0,,0.4774,43745.92,2022-01-31,0.9258783447690665,0.023738205173526088,0.3407026758152532,40503.4,327.5781339557826,3,2024-01-31,CRM-2023-Q4-V2,2024-01-31T00:00:00
A00000035,C0000019,AUTO,33340.88,0,96,9,,PB,NW,568,584,0,6,0,43.46,318,12,0,0,0,0,,0.5849,27768.09,2021-02-23,1.2006904327953416,0.05433832955170419,0.5605523462362733,33340.88,1015.5458048871382,4,2024-01-31,CRM-2023-Q4-V2,2024-01-31T00:00:00
A00000036,C0000019,MTG,309131.92,0,33,0,,PB,NW,568,584,0,6,0,43.46,318,10,2,0,0,45,9,0.8806,790389.44,2022-07-27,0.39111342378258496,0.04526883377251663,0,309131.92,0,4,2024-01-31,CRM-2023-Q4-V2,2024-01-31T00:00:00
A00000041,C0000024,AUTO,47334.35,0,109,3,,RET,W,714,705,1,7,0,77.54,386,12,0,0,0,0,,0.2749,68498.41,2020-04-01,0.6910284486895388,0.026394950632673827,0.15282275895163108,47334.35,190.93489540732395,3,2024-01-31,CRM-2023-Q4-V2,2024-01-31T00:00:00
A00000042,C0000024,CC,5639.76,10000,159,112,56.397600000000004,RET,W,714,705,1,7,0,77.54,386,11,1,1,0,45,35,0.1083,,,,0.02856034317918137,0.75,7819.88,167.5038423150126,3,2024-01-31,CRM-2023-Q4-V2,2024-01-31T00:00:00
A00000045,C0000025,LOC,58527.67,100000,156,1,58.52767,RET,MW,715,694,0,12,0,2.29,38,12,0,0,0,0,,0.1569,,,,0.02856034317918137,0.5,79263.83499999999,1131.9011646490037,3,2024-01-31,CRM-2023-Q4-V2,2024-01-31T00:00:00
A00000047,C0000026,MTG,132118.72,0,61,9,,RET,NW,780,790,3,19,0,71.32,7,9,3,1,1,128,12,0.9354,196591.45,2023-02-01,0.6720471312460434,0.02576433648064646,0.13763770499683475,132118.72,468.5120252358087,3,2024-01-31,CRM-2023-Q4-V2,2024-01-31T00:00:00
A00000049,C0000027,MTG,542753.55,0,56,13,,PREM,SE,729,704,0,2,2,24.45,397,12,0,0,0,0,,0.3962,1503492.22,2023-05-30,0.3609952501117698,0.0210954038032358,0,542753.55,0,3,2024-01-31,CRM-2023-Q4-V2,2024-01-31T00:00:00
A00000050,C0000027,CC,5052.66,10000,202,12,50.5266,PREM,SE,729,704,0,2,2,24.45,397,12,0,0,0,0,,0.436,,,,0.02378490060207898,0.75,7526.33,134.25975821133383,3,2024-01-31,CRM-2023-Q4-V2,2024-01-31T00:00:00
A00000052,C0000028,AUTO,32871.53,0,52,9,,PREM,NW,743,741,2,5,1,97.07,284,12,0,0,0,0,,0.2906,54726.41,2020-07-30,0.600652043501483,0.022459478834499152,0.08052163480118645,32871.53,59.4473057850227,3,2024-01-31,CRM-2023-Q4-V2,2024-01-31T00:00:00
A00000053,C0000028,MTG,492287.19,0,150,13,,PREM,NW,743,741,2,5,1,97.07,284,12,0,0,0,0,,0.7704,512718.48,2021-09-11,0.960151055994705,0.023360751771988625,0.368120844795764,492287.19,4233.462914552892,3,2024-01-31,CRM-2023-Q4-V2,2024-01-31T00:00:00
A00000054,C0000028,CC,3865.5,7500,69,8,51.54,PREM,NW,743,741,2,5,1,97.07,284,11,1,0,0,185,33,0.8534,,,,0.024169037627935066,0.75,5682.75,103.009948935111,3,2024-01-31,CRM-2023-Q4-V2,2024-01-31T00:00:00
A00000055,C0000029,CC,5691.97,10000,84,793,56.919700000000006,PB,NW,539,548,8,19,0,23.06,57,12,0,0,0,0,,0.2983,,,,0.05167863455104849,0.75,7845.985000000001,304.1023436310062,4,2024-01-31,CRM-2023-Q4-V2,2024-01-31T00:00:00
A00000056,C0000030,HELC,30522.95,75000,45,207,40.697266666666664,RET,NE,823,807,3,15,0,50.91,323,11,1,1,1,31,33,0.6713,34121.31,2022-01-04,0.8945421497591974,0.027884056687285462,0.315633719807358,52761.475000000006,464.36157842850224,3,2024-01-31,CRM-2023-Q4-V2,2024-01-31T00:00:00
A00000057,C0000030,CC,6377.04,15000,79,7,42.513600000000004,RET,NE,823,807,3,15,0,50.91,323,12,0,0,0,0,,0.3274,,,,0.018964329506603997,0.75,10688.52,152.0254614134452,3,2024-01-31,CRM-2023-Q4-V2,2024-01-31T00:00:00
A00000058,C0000031,CC,4454.81,10000,173,9,44.548100000000005,COMM,W,599,613,2,3,0,61.86,285,12,0,0,0,0,,0.3972,,,,0.04686917327342503,0.75,7227.405000000001,254.05687294666384,4,2024-01-31,CRM-2023-Q4-V2,2024-01-31T00:00:00
A00000059,C0000031,HELC,40979.73,100000,33,43,40.97973,COMM,W,599,613,2,3,0,61.86,285,12,0,0,0,0,,0.7852,78912.5,2023-01-25,0.5193059401235546,0.04440394373994475,0.015444752098843662,70489.865,48.34250651774887,4,2024-01-31,CRM-2023-Q4-V2,2024-01-31T00:00:00
A00000061,C0000033,CC,1926.06,7500,77,2,25.680799999999998,PREM,SW,568,567,1,17,0,29.65,348,12,0,0,0,0,,0.0695,,,,0.04398440863333547,0.75,4713.030000000001,155.47487806587682,4,2024-01-31,CRM-2023-Q4-V2,2024-01-31T00:00:00
A00000063,C0000034,MTG,502286.75,0,47,10,,RET,SE,541,556,1,11,0,96.67,395,12,0,0,0,0,,0.0785,684051.43,2021-11-03,0.7342821430838906,0.04811917943428505,0.1874257144671125,502286.75,4530.009468443126,4,2024-01-31,CRM-2023-Q4-V2,2024-01-31T00:00:00
A00000066,C0000036,MTG,798090.77,0,163,802,,RET,SE,745,743,1,15,0,9.27,326,12,0,0,0,0,,0.2633,1287968.34,2023-08-28,0.6196509224753148,0.021623370505559285,0.09572073798025188,798090.77,1651.892252163466,3,2024-01-31,CRM-2023-Q4-V2,2024-01-31T00:00:00
A00000067,C0000036,AUTO,40771.05,0,168,8,,RET,SE,745,743,1,15,0,9.27,326,12,0,0,0,0,,0.9892,40970.68,2022-12-14,0.9951274911717356,0.023360751771988625,0.3961019929373885,40771.05,377.26432429508134,3,2024-01-31,CRM-2023-Q4-V2,2024-01-31T00:00:00
A00000070,C0000038,CC,6153.71,10000,42,12,61.5371,SMB,NW,565,558,3,6,0,67.36,250,12,0,0,0,0,,0.29,,,,0.052786402017923145,0.75,8076.855,319.7610863028545,4,2024-01-31,CRM-2023-Q4-V2,2024-01-31T00:00:00
A00000071,C0000039,AUTO,30010.29,0,136,168,,RET,SW,610,620,0,15,0,11.89,331,12,0,0,0,0,,0.5342,78111.61,2022-07-30,0.3841975603882701,0.036538008188879936,0,30010.29,0,4,2024-01-31,CRM-2023-Q4-V2,2024-01-31T00:00:00
A00000072,C0000040,MTG,392924.86,0,190,80,,PB,W,739,762,2,15,0,46.46,15,9,3,0,0,128,27,0.7818,452806.57,2021-03-25,0.8677543260911607,0.023360751771988625,0.29420346087292853,392924.86,2700.4994865801373,3,2024-01-31,CRM-2023-Q4-V2,2024-01-31T00:00:00
A00000076,C0000042,AUTO,44212.93,0,52,8,,RET,NW,511,521,1,6,0,23.78,303,12,0,0,0,0,,0.1092,129587.55,2020-03-12,0.3411819268131854,0.04526883377251663,0,44212.93,0,4,2024-01-31,CRM-2023-Q4-V2,2024-01-31T00:00:00
A00000078,C0000043,MTG,331139.4,0,40,4,,RET,NW,642,622,1,9,2,23.54,191,12,0,0,0,0,,0.4821,499863.14,2020-03-12,0.6624601285863967,0.033659952848813235,0.12996810286911736,331139.4,1448.6422269723005,4,2024-01-31,CRM-2023-Q4-V2,2024-01-31T00:00:00
A00000079,C0000043,CC,1805.68,7500,67,10,24.075733333333336,RET,NW,642,622,1,9,2,23.54,191,11,1,1,0,91,29,0.8017,,,,0.030727522962940425,0.75,4652.84,107.22768595716579,4,2024-01-31,CRM-2023-Q4-V2,2024-01-31T00:00:00
A00000084,C0000045,AUTO,28981.25,0,64,5,,SMB,W,553,541,0,6,0,9.34,380,11,1,1,0,91,19,0.4279,31541.1,2023-12-03,0.9188408140489711,0.050782941254253096,0.3350726512391769,28981.25,493.1442186229718,4,2024-01-31,CRM-2023-Q4-V2,2024-01-31T00:00:00
A00000085,C0000046,HELC,135572.14,250000,67,12,54.228856,RET,SW,797,783,1,3,4,13.28,84,10,2,1,0,31,3,0.3549,236649.45,2022-12-07,0.5728817032957397,0.01879613477567586,0.058305362636591786,192786.07,211.27723347944243,3,2024-01-31,CRM-2023-Q4-V2,2024-01-31T00:00:00
A00000088,C0000048,CC,9516.91,15000,168,44,63.44606666666667,PREM,W,684,705,1,11,0,87.52,228,12,0,0,0,0,,0.1298,,,,0.02856034317918137,0.75,12258.455,262.5792612349138,3,2024-01-31,CRM-2023-Q4-V2,2024-01-31T00:00:00
A00000089,C0000049,AUTO,6199.63,0,144,0,,RET,NE,817,829,3,24,1,93.06,318,12,0,0,0,0,,0.7381,8079.43,2022-09-03,0.767335071904825,0.018458052967874367,0.21386805752385998,6199.63,24.473584582717674,3,2024-01-31,CRM-2023-Q4-V2,2024-01-31T00:00:00
A00000091,C0000050,LOC,20998.61,50000,46,0,41.99722,RET,SE,765,763,1,16,1,14.09,259,12,0,0,0,0,,0.0928,,,,0.019385177827019106,0.5,35499.305,344.08017008029424,3,2024-01-31,CRM-2023-Q4-V2,2024-01-31T00:00:00
A00000092,C0000050,AUTO,28524.01,0,49,12,,RET,SE,765,763,1,16,1,14.09,259,10,2,1,1,31,34,0.662,39513.18,2022-10-08,0.7218859631140798,0.02633203726595041,0.17750877049126387,28524.01,133.32600221196267,3,2024-01-31,CRM-2023-Q4-V2,2024-01-31T00:00:00
A00000095,C0000052,CC,2259.69,10000,70,4,22.5969,PB,MW,649,641,0,6,0,15.87,70,12,0,0,0,0,,0.7958,,,,0.030727522962940425,0.75,6129.844999999999,141.26621474757414,4,2024-01-31,CRM-2023-Q4-V2,2024-01-31T00:00:00
A00000097,C0000053,LOC,10717.83,50000,201,6,21.435660000000002,PB,NE,810,787,2,16,0,89.98,285,7,5,3,2,91,4,0.5853,,,,0.03240123384079482,0.5,30358.915,491.8331520339067,4,2024-01-31,CRM-2023-Q4-V2,2024-01-31T00:00:00
A00000099,C0000053,CC,803.24,5000,97,10,16.0648,PB,NE,810,787,2,16,0,89.98,285,12,0,0,0,0,,0.2306,,,,0.01748089875379115,0.75,2901.62,38.042194081481604,3,2024-01-31,CRM-2023-Q4-V2,2024-01-31T00:00:00
A00000100,C0000054,PERS,23084.66,0,161,13,,RET,SE,576,568,0,1,0,60.68,355,12,0,0,0,0,,0.8164,,,,0.04777967963943846,0.5,23084.66,551.4888296926797,4,2024-01-31,CRM-2023-Q4-V2,2024-01-31T00:00:00
A00000103,C0000055,HELC,7364.43,50000,129,62,14.728860000000003,PREM,MW,779,764,0,18,2,65.06,265,12,0,0,0,0,,0.3427,8070.25,2023-05-22,0.912540503701868,0.018026489817812606,0.33003240296149444,28682.215,170.63984031052348,3,2024-01-31,CRM-2023-Q4-V2,2024-01-31T00:00:00
A00000104,C0000056,CC,2832.19,10000,114,3,28.3219,PREM,SW,604,603,0,14,0,49.52,31,12,0,0,0,0,,0.2615,,,,0.03684427002930762,0.75,6416.094999999999,177.2972525352678,4,2024-01-31,CRM-2023-Q4-V2,2024-01-31T00:00:00
A00000105,C0000057,HELC,28830.72,150000,156,157,19.220480000000002,PREM,NE,637,651,0,17,1,83.31,359,12,0,0,0,0,,0.2699,49668.54,2021-11-14,0.5804624013510363,0.033075167036830624,0.06436992108082906,89415.36,190.36940488040426,4,2024-01-31,CRM-2023-Q4-V2,2024-01-31T00:00:00
A00000108,C0000058,CC,5293.37,15000,96,221,35.28913333333333,PREM,W,645,636,0,21,0,38.4,52,9,3,2,1,31,11,0.3122,,,,0.04548251478742126,0.75,10146.685000000001,346.1225629168542,4,2024-01-31,CRM-2023-Q4-V2,2024-01-31T00:00:00
A00000109,C0000058,AUTO,46732.36,0,199,7,,PREM,W,645,636,0,21,0,38.4,52,12,0,0,0,0,,0.9504,114944.17,2022-01-06,0.4065657266479892,0.03047049704075253,0,46732.36,0,4,2024-01-31,CRM-2023-Q4-V2,2024-01-31T00:00:00
A00000110,C0000059,CC,5025.19,5000,91,11,100.50379999999998,PB,SE,610,633,1,18,0,94.74,290,12,0,0,0,0,,0.951,,,,0.051473285941730805,0.75,5012.594999999999,193.51105180881757,4,2024-01-31,CRM-2023-Q4-V2,2024-01-31T00:00:00
A00000111,C0000059,CC,6877.08,25000,39,4,27.508319999999998,PB,SE,610,633,1,18,0,94.74,290,12,0,0,0,0,,0.5635,,,,0.03764667601464227,0.75,15938.539999999999,450.02478864481225,4,2024-01-31,CRM-2023-Q4-V2,2024-01-31T00:00:00
A00000112,C0000060,CC,707.96,1500,10,107,47.19733333333333,PREM,SW,584,564,0,21,0,25.33,88,12,0,0,0,0,,0.2165,,,,0.04992296279216383,0.75,1103.98,41.335464347469774,4,2024-01-31,CRM-2023-Q4-V2,2024-01-31T00:00:00
A00000121,C0000066,CC,3037.79,3000,67,49,101.25966666666666,RET,SE,610,618,0,17,0,73.25,215,11,1,0,0,185,2,0.8988,,,,0.051473285941730805,0.75,3018.895,116.54433417229606,4,2024-01-31,CRM-2023-Q4-V2,2024-01-31T00:00:00
A00000122,C0000067,CC,7492.16,10000,44,10,74.9216,RET,SW,839,831,3,5,0,49.83,139,12,0,0,0,0,,0.3122,,,,0.023039119316774506,0.75,8746.08,151.12648550554138,3,2024-01-31,CRM-2023-Q4-V2,2024-01-31T00:00:00
A00000123,C0000067,CC,4021.72,7500,22,9,53.622933333333336,RET,SW,839,831,3,5,0,49.83,139,12,0,0,0,0,,0.5021,,,,0.021672379256608486,0.75,5760.86,93.63865707316917,3,2024-01-31,CRM-2023-Q4-V2,2024-01-31T00:00:00
A00000124,C0000067,AUTO,16953.65,0,21,6,,RET,SW,839,831,3,5,0,49.83,139,7,5,2,1,45,15,0.4209,24839.16,2023-01-23,0.6825371711442738,0.027047333771338593,0.14602973691541907,16953.65,66.96208630129853,3,2024-01-31,CRM-2023-Q4-V2,2024-01-31T00:00:00
A00000126,C0000069,AUTO,4597.41,0,167,38,,RET,W,599,609,5,4,0,24.95,151,12,0,0,0,0,,0.9018,4421.44,2021-12-19,1.0397992509227763,0.05350097816506306,0.431839400738221,4597.41,106.21778068805786,4,2024-01-31,CRM-2023-Q4-V2,2024-01-31T00:00:00
A00000129,C0000070,MTG,392936.03,0,90,78,,SMB,MW,839,842,0,18,0,92.52,260,11,1,1,1,185,26,0.5584,552070.62,2021-07-07,0.7117495765306258,0.02576433648064646,0.16939966122450062,392936.03,1714.957464360073,3,2024-01-31,CRM-2023-Q4-V2,2024-01-31T00:00:00
A00000130,C0000071,MTG,492263.78,0,124,66,,RET,NW,751,776,3,2,2,51.56,393,12,0,0,0,0,,0.8181,766006.65,2021-10-21,0.6426364314200145,0.021623370505559285,0.11410914513601159,492263.78,1214.6236242755324,3,2024-01-31,CRM-2023-Q4-V2,2024-01-31T00:00:00
A00000134,C0000072,CC,6329.91,15000,55,94,42.1994,SMB,NE,686,703,2,12,1,83.89,32,12,0,0,0,0,,0.9525,,,,0.027270646044114846,0.75,10664.955,218.13015966105962,3,2024-01-31,CRM-2023-Q4-V2,2024-01-31T00:00:00
A00000135,C0000072,CC,2680.14,7500,162,343,35.7352,SMB,NE,686,703,2,12,1,83.89,32,7,5,1,0,91,4,0.7227,,,,0.026260241863462697,0.75,5090.07,100.24985197646667,3,2024-01-31,CRM-2023-Q4-V2,2024-01-31T00:00:00
A00000139,C0000074,MTG,724499.76,0,117,6,,RET,W,752,753,8,21,0,23.51,122,12,0,0,0,0,,0.9911,723042.44,2021-12-29,1.0020155386729444,0.025450919759737095,0.4016124309383555,724499.76,7405.406015871113,3,2024-01-31,CRM-2023-Q4-V2,2024-01-31T00:00:00
A00000145,C0000077,CC,2510.92,7500,116,12,33.47893333333333,RET,NW,839,850,1,12,0,76.57,120,12,0,0,0,0,,0.4087,,,,0.018964329506603997,0.75,5005.46,71.19389457909453,3,2024-01-31,CRM-2023-Q4-V2,2024-01-31T00:00:00
A00000150,C0000079,LOC,11522.37,25000,165,169,46.08948,PREM,SE,584,598,0,17,0,79.86,353,12,0,0,0,0,,0.2205,,,,0.04686917327342503,0.5,18261.185,427.94332197153506,4,2024-01-31,CRM-2023-Q4-V2,2024-01-31T00:00:00
A00000151,C0000080,MTG,270172.44,0,140,14,,PREM,NW,728,751,1,14,0,16.45,49,12,0,0,0,0,,0.4753,435737.22,2021-02-09,0.6200352588654235,0.021623370505559285,0.09602820709233884,270172.44,561.0005088961015,3,2024-01-31,CRM-2023-Q4-V2,2024-01-31T00:00:00
A00000156,C0000081,AUTO,55884.52,0,47,40,,SMB,W,594,573,2,9,0,94.02,160,12,0,0,0,0,,0.1252,63808.18,2022-07-31,0.8758206236253722,0.05187255912947061,0.3006564989002978,55884.52,871.5650274179499,4,2024-01-31,CRM-2023-Q4-V2,2024-01-31T00:00:00
A00000157,C0000082,CC,37.88,1500,62,6,2.5253333333333337,RET,MW,613,612,1,15,0,43.41,366,12,0,0,0,0,,0.1717,,,,0.033906791013031255,0.75,768.9399999999999,19.554215911170186,4,2024-01-31,CRM-2023-Q4-V2,2024-01-31T00:00:00
A00000163,C0000084,CC,8098.19,25000,34,1,32.392759999999996,RET,NW,563,566,3,14,0,78.75,218,11,1,1,0,45,8,0.6741,,,,0.04863293452378598,0.75,16549.095,603.6232901721855,4,2024-01-31,CRM-2023-Q4-V2,2024-01-31T00:00:00
A00000167,C0000088,LOC,3152.16,25000,114,169,12.60864,RET,MW,719,694,1,15,1,59.97,220,10,2,0,0,31,12,0.846,,,,0.024611188882117142,0.5,14076.08,173.21453179989572,3,2024-01-31,CRM-2023-Q4-V2,2024-01-31T00:00:00
A00000169,C0000089,MTG,155424.91,0,25,12,,RET,NE,624,624,1,7,0,35.55,50,12,0,0,0,0,,0.9404,195270.85,2023-01-28,0.7959452729375633,0.04033614913646951,0.23675621835005067,155424.91,1484.282110536077,4,2024-01-31,CRM-2023-Q4-V2,2024-01-31T00:00:00
A00000171,C0000090,HELC,8293.03,50000,63,2,16.586060000000003,RET,NE,624,646,3,24,0,79.11,234,12,0,0,0,0,,0.762,6960.38,2020-10-02,1.1914622477508412,0.04131293740431848,0.553169798200673,29146.515,666.0873256044206,4,2024-01-31,CRM-2023-Q4-V2,2024-01-31T00:00:00
A00000172,C0000091,HELC,33477.23,150000,54,14,22.318153333333335,RET,NE,691,681,0,24,0,18.92,145,12,0,0,0,0,,0.127,27945.36,2023-12-16,1.1979530770045548,0.028246544339559976,0.5583624616036439,91738.61499999999,1446.8840081249616,3,2024-01-31,CRM-2023-Q4-V2,2024-01-31T00:00:00
A00000173,C0000091,MTG,387883.94,0,73,163,,RET,NE,691,681,0,24,0,18.92,145,12,0,0,0,0,,0.2473,622336.64,2020-10-17,0.6232702930683947,0.026394950632673827,0.09861623445471573,387883.94,1009.6505075523351,3,2024-01-31,CRM-2023-Q4-V2,2024-01-31T00:00:00
A00000174,C0000092,MTG,755173.82,0,56,202,,RET,SE,553,540,1,19,0,60.05,296,11,1,0,0,185,33,0.823,1609683.84,2022-07-09,0.46914418920923,0.04526883377251663,0,755173.82,0,4,2024-01-31,CRM-2023-Q4-V2,2024-01-31T00:00:00
A00000177,C0000093,PERS,29702.1,0,171,7,,PB,SW,794,776,1,17,1,28.81,268,12,0,0,0,0,,0.927,,,,0.019034801906677064,0.5,29702.1,282.6867948561564,3,2024-01-31,CRM-2023-Q4-V2,2024-01-31T00:00:00
A00000178,C0000093,AUTO,13553.48,0,91,72,,PB,SW,794,776,1,17,1,28.81,268,12,0,0,0,0,,0.8125,21565.61,2022-09-21,0.628476542050051,0.018757812039480154,0.1027812336400408,13553.48,26.1304461571634,3,2024-01-31,CRM-2023-Q4-V2,2024-01-31T00:00:00
A00000179,C0000094,MTG,212965.58,0,187,4,,PB,W,704,719,3,8,0,31.9,276,12,0,0,0,0,,0.8403,375451,2023-07-22,0.5672260294951937,0.02440403602226843,0.05378082359615499,212965.58,279.51075511372636,3,2024-01-31,CRM-2023-Q4-V2,2024-01-31T00:00:00
A00000181,C0000095,MTG,474119.93,0,187,9,,RET,W,632,623,0,5,0,73.21,181,12,0,0,0,0,,0.1471,753697.23,2022-07-16,0.6290588728845401,0.03886099486387373,0.10324709830763208,474119.93,1902.3042629731647,4,2024-01-31,CRM-2023-Q4-V2,2024-01-31T00:00:00
A00000186,C0000098,MTG,580109.72,0,18,10,,PREM,W,800,813,1,10,0,27.9,214,11,1,0,0,62,35,0.8022,850582.45,2021-08-11,0.6820146829975154,0.019698957406440776,0.14561174639801236,580109.72,1663.9864831027364,3,2024-01-31,CRM-2023-Q4-V2,2024-01-31T00:00:00
A00000187,C0000098,MTG,551888.67,0,28,11,,PREM,W,800,813,1,10,0,27.9,214,12,0,0,0,0,,0.8657,1380227.16,2023-03-30,0.399853506722763,0.018005949831010417,0,551888.67,0,3,2024-01-31,CRM-2023-Q4-V2,2024-01-31T00:00:00
A00000188,C0000098,MTG,766914.3,0,171,14,,PREM,W,800,813,1,10,0,27.9,214,12,0,0,0,0,,0.9915,1017083.74,2020-08-26,0.7540326030578368,0.018458052967874367,0.20322608244626947,766914.3,2876.8165539643633,3,2024-01-31,CRM-2023-Q4-V2,2024-01-31T00:00:00
A00000190,C0000099,MTG,469742.87,0,88,809,,RET,NW,560,549,1,24,0,65.89,79,12,0,0,0,0,,0.7761,772354.61,2022-03-01,0.6081958519027937,0.047104486806167994,0.08655668152223495,469742.87,1915.2394169832314,4,2024-01-31,CRM-2023-Q4-V2,2024-01-31T00:00:00
A00000192,C0000100,AUTO,31513.61,0,147,4,,PB,SW,535,528,0,24,1,12.98,232,10,2,0,0,31,23,0.1799,33035.71,2020-01-01,0.9539256156444043,0.049997481570494655,0.36314049251552344,31513.61,572.1645722426415,4,2024-01-31,CRM-2023-Q4-V2,2024-01-31T00:00:00
A00000194,C0000101,CC,4444.47,25000,42,439,17.777880000000003,RET,W,628,651,5,5,0,30.82,172,11,1,0,0,128,19,0.5405,,,,0.03764667601464227,0.75,14722.235,415.6824084423202,4,2024-01-31,CRM-2023-Q4-V2,2024-01-31T00:00:00
A00000195,C0000101,CC,3122.54,10000,75,5,31.225399999999997,RET,W,628,651,5,5,0,30.82,172,12,0,0,0,0,,0.3354,,,,0.03990414213518459,0.75,6561.27,196.36638800049195,4,2024-01-31,CRM-2023-Q4-V2,2024-01-31T00:00:00
A00000197,C0000102,MTG,156819.42,0,196,2,,RET,W,626,606,0,18,1,71.36,76,12,0,0,0,0,,0.4054,162701.13,2021-12-23,0.9638496057157071,0.041924026166710704,0.3710796845725657,156819.42,2439.6639307923074,4,2024-01-31,CRM-2023-Q4-V2,2024-01-31T00:00:00
A00000199,C0000103,MTG,328892.25,0,185,13,,SMB,MW,624,639,5,13,1,54.92,310,12,0,0,0,0,,0.3668,447529.08,2023-01-02,0.7349069919657512,0.03886099486387373,0.18792559357260094,328892.25,2401.8920526434304,4,2024-01-31,CRM-2023-Q4-V2,2024-01-31T00:00:00
A00000201,C0000103,AUTO,61241.54,0,62,55,,SMB,MW,624,639,5,13,1,54.92,310,12,0,0,0,0,,0.2115,156998.96,2021-06-17,0.3900760871282205,0.03712028184624886,0,61241.54,0,4,2024-01-31,CRM-2023-Q4-V2,2024-01-31T00:00:00
A00000202,C0000104,CC,26923.48,25000,13,3,107.69391999999999,RET,SW,579,577,5,24,0,27.89,236,12,0,0,0,0,,0.297,,,,0.06420255744722271,0.75,25961.739999999998,1250.1075778348948,4,2024-01-31,CRM-2023-Q4-V2,2024-01-31T00:00:00
A00000204,C0000105,HELC,53817.32,100000,32,9,53.81732,PB,NW,607,600,3,20,1,56.51,399,11,1,0,0,45,1,0.4419,109650.78,2021-02-16,0.4908065405462688,0.04041674118148828,0,76908.66,0,4,2024-01-31,CRM-2023-Q4-V2,2024-01-31T00:00:00
A00000205,C0000106,LOC,30055.02,100000,111,62,30.05502,COMM,NW,618,636,3,13,1,8.92,301,11,1,1,0,128,15,0.337,,,,0.03990414213518459,0.5,65027.509999999995,1297.4335008685684,4,2024-01-31,CRM-2023-Q4-V2,2024-01-31T00:00:00
A00000206,C0000107,PERS,35007.9,0,112,28,,RET,NW,775,751,0,20,0,49.63,311,12,0,0,0,0,,0.8308,,,,0.01934374280154593,0.5,35007.9,338.5919068111199,3,2024-01-31,CRM-2023-Q4-V2,2024-01-31T00:00:00
A00000207,C0000108,CC,7429.09,15000,83,9,49.52726666666667,PB,NW,595,575,0,17,0,53.24,113,7,5,0,0,62,16,0.343,,,,0.04760795014266556,0.75,11214.545,400.42612442450957,4,2024-01-31,CRM-2023-Q4-V2,2024-01-31T00:00:00
A00000210,C0000110,CC,2705.99,10000,183,0,27.0599,RET,MW,661,659,0,14,0,82.97,105,11,1,1,1,185,18,0.6708,,,,0.04135787417995821,0.75,6352.995,197.0597759069277,4,2024-01-31,CRM-2023-Q4-V2,2024-01-31T00:00:00
A00000212,C0000111,LOC,10444.85,100000,33,14,10.44485,RET,MW,570,574,0,9,0,10.96,64,12,0,0,0,0,,0.5855,,,,0.044935060077134645,0.5,55222.424999999996,1240.7114924900309,4,2024-01-31,CRM-2023-Q4-V2,2024-01-31T00:00:00
A00000213,C0000111,CC,3538.52,15000,158,4,23.590133333333334,RET,MW,570,574,0,9,0,10.96,64,12,0,0,0,0,,0.7747,,,,0.04329930520994202,0.75,9269.26,301.01438835773035,4,2024-01-31,CRM-2023-Q4-V2,2024-01-31T00:00:00
A00000214,C0000112,CC,5511.35,25000,46,10,22.0454,RET,W,544,524,0,2,0,8.86,267,9,3,0,0,62,22,0.2189,,,,0.044935060077134645,0.75,15255.675000000001,514.1360044816807,4,2024-01-31,CRM-2023-Q4-V2,2024-01-31T00:00:00
A00000215,C0000113,CC,5456.75,10000,53,115,54.5675,RET,NE,750,731,0,18,0,57.46,41,12,0,0,0,0,,0.0934,,,,0.024702478306684532,0.75,7728.375,143.1825118375673,3,2024-01-31,CRM-2023-Q4-V2,2024-01-31T00:00:00
A00000217,C0000114,AUTO,20766.64,0,141,3,,RET,W,518,496,1,7,0,84.94,251,11,1,1,0,62,13,0.8666,45680.79,2021-03-12,0.45460334639571687,0.04362148360957221,0,20766.64,0,4,2024-01-31,CRM-2023-Q4-V2,2024-01-31T00:00:00
A00000219,C0000116,MTG,138748.84,0,191,13,,RET,NW,623,620,1,10,0,95.11,406,9,3,0,0,128,1,0.6581,170407.02,2019-12-29,0.8142202122893764,0.041924026166710704,0.2513761698315011,138748.84,1462.2325557430408,4,2024-01-31,CRM-2023-Q4-V2,2024-01-31T00:00:00
A00000220,C0000116,CC,2290.71,7500,40,14,30.542799999999996,RET,NW,623,620,1,10,0,95.11,406,12,0,0,0,0,,0.2044,,,,0.040770366146714795,0.75,4895.355,149.68906182611323,4,2024-01-31,CRM-2023-Q4-V2,2024-01-31T00:00:00
A00000221,C0000116,CC,1286.93,1500,10,89,85.79533333333333,RET,NW,623,620,1,10,0,95.11,406,12,0,0,0,0,,0.6792,,,,0.04953744113215315,0.75,1393.4650000000001,51.771517805411854,4,2024-01-31,CRM-2023-Q4-V2,2024-01-31T00:00:00
A00000222,C0000117,PERS,28092.93,0,1,5,,RET,SE,650,630,2,11,0,81.72,369,12,0,0,0,0,,0.4255,,,,0.035629074297746394,0.5,28092.93,500.4625451056943,4,2024-01-31,CRM-2023-Q4-V2,2024-01-31T00:00:00
A00000224,C0000118,PERS,32974.08,0,51,83,,RET,NE,570,560,3,4,2,47.36,105,10,2,1,0,185,24,0.5274,,,,0.04957592249788785,0.5,32974.08,817.360217259577,4,2024-01-31,CRM-2023-Q4-V2,2024-01-31T00:00:00
A00000225,C0000118,PERS,27386.39,0,149,90,,RET,NE,570,560,3,4,2,47.36,105,12,0,0,0,0,,0.3296,,,,0.04777967963943846,0.5,27386.39,654.2564703403605,4,2024-01-31,CRM-2023-Q4-V2,2024-01-31T00:00:00
A00000230,C0000120,MTG,160984.52,0,73,2,,RET,W,749,733,3,16,2,71.19,124,12,0,0,0,0,,0.1723,209968.34,2021-03-11,0.7667085428212653,0.021973383605277376,0.21336683425701228,160984.52,754.7584226441584,3,2024-01-31,CRM-2023-Q4-V2,2024-01-31T00:00:00
A00000232,C0000121,CC,963.93,1500,16,4,64.262,RET,MW,798,781,0,11,0,22.7,118,12,0,0,0,0,,0.4776,,,,0.021672379256608486,0.75,1231.965,20.02470953315075,3,2024-01-31,CRM-2023-Q4-V2,2024-01-31T00:00:00
A00000238,C0000125,CC,870.83,1500,48,0,58.05533333333334,RET,SW,645,661,0,24,0,70.75,199,12,0,0,0,0,,0.5786,,,,0.036979214897264266,0.75,1185.415,32.87678702058039,4,2024-01-31,CRM-2023-Q4-V2,2024-01-31T00:00:00
A00000239,C0000126,MTG,300050.62,0,39,4,,RET,SW,747,736,5,17,0,71.28,36,10,2,1,1,62,18,0.4857,320115.32,2023-06-27,0.937320400660612,0.033255309493420704,0.3498563205284896,300050.62,3490.9630076719,4,2024-01-31,CRM-2023-Q4-V2,2024-01-31T00:00:00
A00000240,C0000126,PERS,41164.49,0,43,5,,RET,SW,747,736,5,17,0,71.28,36,12,0,0,0,0,,0.9174,,,,0.0231583082504738,0.5,41164.49,476.6499741967731,3,2024-01-31,CRM-2023-Q4-V2,2024-01-31T00:00:00
A00000244,C0000128,LOC,37736.53,100000,191,97,37.73653,RET,NW,614,633,0,5,0,86.85,70,12,0,0,0,0,,0.8178,,,,0.03927998188115421,0.5,68868.265,1352.5721006932633,4,2024-01-31,CRM-2023-Q4-V2,2024-01-31T00:00:00
A00000246,C0000129,AUTO,54895.67,0,34,188,,RET,SE,807,783,8,16,0,93.42,279,12,0,0,0,0,,0.5076,81027.09,2020-12-21,0.6774977356338479,0.019174166985147473,0.1419981885070783,54895.67,149.46427481555708,3,2024-01-31,CRM-2023-Q4-V2,2024-01-31T00:00:00
A00000247,C0000130,CC,345.99,3000,192,290,11.533,RET,SE,625,618,0,12,0,13.1,120,11,1,0,0,185,33,0.3955,,,,0.036266162860211476,0.75,1672.9950000000001,45.50483185073963,4,2024-01-31,CRM-2023-Q4-V2,2024-01-31T00:00:00
A00000248,C0000131,CC,453.21,1500,109,14,30.213999999999995,SMB,NW,770,776,1,11,0,95.37,404,12,0,0,0,0,,0.6299,,,,0.018964329506603997,0.75,976.605,13.890494263347748,3,2024-01-31,CRM-2023-Q4-V2,2024-01-31T00:00:00
A00000250,C0000131,PERS,40812.01,0,195,133,,SMB,NW,770,776,1,11,0,95.37,404,12,0,0,0,0,,0.4515,,,,0.019034801906677064,0.5,40812.01,388.4242628816617,3,2024-01-31,CRM-2023-Q4-V2,2024-01-31T00:00:00
A00000251,C0000132,MTG,132337.87,0,97,35,,SMB,NW,685,706,1,13,0,87.27,113,12,0,0,0,0,,0.2891,187138.92,2020-08-08,0.7071638010949298,0.026394950632673827,0.16573104087594387,132337.87,578.9070684662563,3,2024-01-31,CRM-2023-Q4-V2,2024-01-31T00:00:00
A00000252,C0000132,AUTO,36734.63,0,18,13,,SMB,NW,685,706,1,13,0,87.27,113,10,2,0,0,185,11,0.9735,55120.06,2022-12-31,0.6664475691789885,0.027708457737884284,0.1331580553431908,36734.63,135.53625060454232,3,2024-01-31,CRM-2023-Q4-V2,2024-01-31T00:00:00
A00000254,C0000133,MTG,727444.58,0,86,11,,RET,SE,746,747,1,16,0,52.29,419,12,0,0,0,0,,0.6072,826138.26,2022-07-23,0.8805361223677014,0.023738205173526088,0.30442889789416117,727444.58,5256.947829414559,3,2024-01-31,CRM-2023-Q4-V2,2024-01-31T00:00:00
A00000256,C0000135,CC,742.13,3000,192,8,24.737666666666666,RET,W,608,596,0,17,1,47.77,166,12,0,0,0,0,,0.4027,,,,0.036266162860211476,0.75,1871.065,50.89226100903119,4,2024-01-31,CRM-2023-Q4-V2,2024-01-31T00:00:00
A00000257,C0000135,AUTO,16819.37,0,181,5,,RET,W,608,596,0,17,1,47.77,166,12,0,0,0,0,,0.2443,44741.95,2020-07-01,0.3759194670773178,0.036538008188879936,0,16819.37,0,4,2024-01-31,CRM-2023-Q4-V2,2024-01-31T00:00:00
A00000259,C0000136,CC,1005.41,3000,189,8,33.513666666666666,PREM,SE,743,728,0,21,0,55.23,384,12,0,0,0,0,,0.3665,,,,0.021860733982364235,0.75,2002.705,32.835450937613075,3,2024-01-31,CRM-2023-Q4-V2,2024-01-31T00:00:00
A00000260,C0000136,MTG,784004.07,0,143,12,,PREM,SE,743,728,0,21,0,55.23,384,12,0,0,0,0,,0.2172,752934.23,2022-08-22,1.0412650119519735,0.025046931742969097,0.4330120095615788,784004.07,8503.011983624348,3,2024-01-31,CRM-2023-Q4-V2,2024-01-31T00:00:00
A00000265,C0000137,MTG,666851.08,0,166,10,,PREM,NW,598,618,0,2,0,70.7,314,12,0,0,0,0,,0.8311,757151.02,2021-05-09,0.8807372140897333,0.049997481570494655,0.30458977127178666,666851.08,10155.289363104632,4,2024-01-31,CRM-2023-Q4-V2,2024-01-31T00:00:00
A00000266,C0000138,CC,145.45,1500,53,10,9.696666666666665,RET,W,623,646,0,9,0,65.43,330,12,0,0,0,0,,0.6882,,,,0.03464752497331418,0.75,822.7249999999999,21.379038737752428,4,2024-01-31,CRM-2023-Q4-V2,2024-01-31T00:00:00
A00000267,C0000139,MTG,587450.62,0,183,11,,PREM,SE,704,724,2,21,1,53.23,125,10,2,1,0,31,24,0.8083,1876179.31,2021-06-06,0.31311006195884333,0.02440403602226843,0,587450.62,0,3,2024-01-31,CRM-2023-Q4-V2,2024-01-31T00:00:00
A00000270,C0000140,CC,2158.81,5000,150,0,43.176199999999994,CORP,MW,821,832,2,6,0,15.25,118,12,0,0,0,0,,0.1334,,,,0.018661332948598702,0.75,3579.4049999999997,50.0973513471592,3,2024-01-31,CRM-2023-Q4-V2,2024-01-31T00:00:00
A00000272,C0000141,MTG,434898.35,0,80,10,,SMB,W,587,605,2,11,4,7.25,239,11,1,0,0,45,24,0.7488,961288.55,2021-06-01,0.45241186946416867,0.04431144859350694,0,434898.35,0,4,2024-01-31,CRM-2023-Q4-V2,2024-01-31T00:00:00
A00000274,C0000142,CC,1236.27,5000,124,10,24.7254,RET,NE,730,714,1,14,0,45.92,283,12,0,0,0,0,,0.3051,,,,0.020155394965901446,0.75,3118.135,47.13543186150083,3,2024-01-31,CRM-2023-Q4-V2,2024-01-31T00:00:00
A00000275,C0000142,CC,598.36,1500,113,1,39.89066666666667,RET,NE,730,714,1,14,0,45.92,283,11,1,0,0,31,31,0.1246,,,,0.022214501998473943,0.75,1049.18,17.480258405069172,3,2024-01-31,CRM-2023-Q4-V2,2024-01-31T00:00:00
A00000276,C0000143,HELC,65614.44,150000,81,3,43.742960000000004,RET,W,802,778,3,9,0,28.41,135,7,5,0,0,91,5,0.5854,96097.76,2023-05-14,0.6827884437680962,0.01838967583164414,0.146230755014477,107807.22,289.9082959109054,3,2024-01-31,CRM-2023-Q4-V2,2024-01-31T00:00:00
A00000277,C0000143,AUTO,32888.45,0,7,2,,RET,W,802,778,3,9,0,28.41,135,12,0,0,0,0,,0.1924,44972.78,2023-12-28,0.7312967977518845,0.019698957406440776,0.18503743820150761,32888.45,119.8798675263763,3,2024-01-31,CRM-2023-Q4-V2,2024-01-31T00:00:00
A00000279,C0000144,CC,3058.49,10000,24,13,30.584899999999998,RET,NE,603,592,8,24,0,87.75,219,12,0,0,0,0,,0.8703,,,,0.040770366146714795,0.75,6529.245,199.64978198370514,4,2024-01-31,CRM-2023-Q4-V2,2024-01-31T00:00:00
A00000280,C0000145,CC,5435.69,25000,129,12,21.742759999999997,RET,W,702,706,0,9,2,72.74,390,12,0,0,0,0,,0.6266,,,,0.024220198829546617,0.75,15217.845000000001,276.43442374291635,3,2024-01-31,CRM-2023-Q4-V2,2024-01-31T00:00:00
A00000284,C0000147,PERS,43582.97,0,45,70,,SMB,SW,702,708,1,17,0,64.07,56,12,0,0,0,0,,0.3093,,,,0.02781153005211879,0.5,43582.97,606.0545399577958,3,2024-01-31,CRM-2023-Q4-V2,2024-01-31T00:00:00
A00000288,C0000148,AUTO,46236.39,0,89,7,,RET,SE,558,546,3,2,0,58.36,402,12,0,0,0,0,,0.3375,46529.74,2022-04-03,0.9936954300625793,0.050782941254253096,0.39495634405006347,46236.39,927.3653464473923,4,2024-01-31,CRM-2023-Q4-V2,2024-01-31T00:00:00
A00000290,C0000148,CC,1342.61,3000,109,7,44.75366666666666,RET,SE,558,546,3,2,0,58.36,402,12,0,0,0,0,,0.9767,,,,0.04760795014266556,0.75,2171.305,77.52853513839034,4,2024-01-31,CRM-2023-Q4-V2,2024-01-31T00:00:00
A00000293,C0000150,PERS,41297.28,0,170,1,,RET,SW,671,690,1,15,0,87.55,63,12,0,0,0,0,,0.5573,,,,0.033418887012763014,0.5,41297.28,690.0545671272189,4,2024-01-31,CRM-2023-Q4-V2,2024-01-31T00:00:00
A00000294,C0000151,CC,2833.64,5000,13,188,56.6728,RET,SE,730,735,1,6,2,61.14,205,12,0,0,0,0,,0.8061,,,,0.02537466228078256,0.75,3916.8199999999997,74.54098853596106,3,2024-01-31,CRM-2023-Q4-V2,2024-01-31T00:00:00
A00000297,C0000154,LOC,2249.32,10000,185,110,22.4932,RET,SW,552,555,3,17,0,40.08,249,10,2,1,0,45,18,0.743,,,,0.04329930520994202,0.5,6124.66,132.59676132356174,4,2024-01-31,CRM-2023-Q4-V2,2024-01-31T00:00:00
A00000300,C0000155,CC,9832.93,10000,111,13,98.3293,COMM,MW,782,785,1,14,0,55.03,11,12,0,0,0,0,,0.1151,,,,0.02461819945488278,0.75,9916.465,183.09413494302314,3,2024-01-31,CRM-2023-Q4-V2,2024-01-31T00:00:00
A00000301,C0000156,CC,1133.34,3000,137,6,37.77799999999999,PREM,W,585,565,0,3,0,28.25,326,12,0,0,0,0,,0.21,,,,0.04686917327342503,0.75,2066.67,72.64733574674197,4,2024-01-31,CRM-2023-Q4-V2,2024-01-31T00:00:00
A00000304,C0000157,CC,4874.86,5000,110,58,97.49719999999999,RET,MW,767,788,2,8,0,14.15,271,9,3,0,0,91,32,0.5181,,,,0.02461819945488278,0.75,4937.43,91.16297740089142,3,2024-01-31,CRM-2023-Q4-V2,2024-01-31T00:00:00
A00000305,C0000157,PERS,9162.26,0,16,7,,RET,MW,767,788,2,8,0,14.15,271,12,0,0,0,0,,0.6823,,,,0.020313677772766884,0.5,9162.26,93.05959865515555,3,2024-01-31,CRM-2023-Q4-V2,2024-01-31T00:00:00
A00000306,C0000158,MTG,817778.09,0,177,22,,RET,SW,727,729,0,10,0,88.69,76,10,2,1,0,31,7,0.3385,1056216.76,2021-11-30,0.7742521430922947,0.021623370505559285,0.2194017144738358,817778.09,3879.706544973083,3,2024-01-31,CRM-2023-Q4-V2,2024-01-31T00:00:00
A00000309,C0000159,LOC,10200.56,50000,43,9,20.40112,RET,NW,789,801,0,24,0,71.73,154,12,0,0,0,0,,0.5967,,,,0.017869427038019622,0.5,30100.28,268.9373786419806,3,2024-01-31,CRM-2023-Q4-V2,2024-01-31T00:00:00
A00000310,C0000159,MTG,651563.23,0,203,10,,RET,NW,789,801,0,24,0,71.73,154,12,0,0,0,0,,0.6007,657219.18,2023-11-19,0.9913941190821606,0.01994629420594979,0.39311529526572847,651563.23,5109.033257207869,3,2024-01-31,CRM-2023-Q4-V2,2024-01-31T00:00:00
A00000312,C0000160,HELC,37050.3,250000,179,301,14.820120000000001,RET,SW,606,587,3,17,1,94.22,37,12,0,0,0,0,,0.1413,47560.09,2021-02-28,0.7790208134593523,0.035186035999445024,0.22321665076748182,143525.15000000002,1127.2621880688594,4,2024-01-31,CRM-2023-Q4-V2,2024-01-31T00:00:00
A00000314,C0000161,AUTO,40782.09,0,60,42,,PB,W,598,592,1,11,0,27.56,77,11,1,0,0,45,25,0.389,61304.31,2022-02-20,0.6652401764247897,0.047104486806167994,0.13219214113983177,40782.09,253.94367034501187,4,2024-01-31,CRM-2023-Q4-V2,2024-01-31T00:00:00
A00000315,C0000161,MTG,174576.14,0,203,6,,PB,W,598,592,1,11,0,27.56,77,12,0,0,0,0,,0.7785,389772.93,2022-06-10,0.4478919046533068,0.04362148360957221,0,174576.14,0,4,2024-01-31,CRM-2023-Q4-V2,2024-01-31T00:00:00
A00000322,C0000167,LOC,14366.16,50000,199,12,28.73232,RET,SE,812,811,1,8,0,78.28,400,12,0,0,0,0,,0.3407,,,,0.017201187672940498,0.5,32183.079999999998,276.7935994866289,3,2024-01-31,CRM-2023-Q4-V2,2024-01-31T00:00:00
A00000323,C0000167,AUTO,12381.19,0,13,8,,RET,SE,812,811,1,8,0,78.28,400,11,1,0,0,62,16,0.1916,14653.75,2021-10-29,0.8449161477437517,0.02128508098409467,0.2759329181950014,12381.19,72.71788000614904,3,2024-01-31,CRM-2023-Q4-V2,2024-01-31T00:00:00
A00000324,C0000168,CC,1324.92,3000,155,1,44.164,RET,SE,554,575,5,10,0,45.32,150,12,0,0,0,0,,0.9537,,,,0.04686917327342503,0.75,2162.46,76.01453432763802,4,2024-01-31,CRM-2023-Q4-V2,2024-01-31T00:00:00
A00000325,C0000168,MTG,695771.64,0,2,32,,RET,SE,554,575,5,10,0,45.32,150,11,1,1,0,185,24,0.6282,986160.28,2020-02-15,0.7055360615416391,0.049396287502463256,0.16442884923331125,695771.64,5651.178818640895,4,2024-01-31,CRM-2023-Q4-V2,2024-01-31T00:00:00
A00000326,C0000169,HELC,253046.66,250000,198,349,101.21866399999999,PB,MW,607,628,1,17,0,13.44,320,12,0,0,0,0,,0.9975,349117.94,2022-10-05,0.7248171205409839,0.04919027604316104,0.17985369643278715,251523.33000000002,2225.2402249361944,4,2024-01-31,CRM-2023-Q4-V2,2024-01-31T00:00:00
A00000329,C0000170,CC,3078.9,3000,165,66,102.63,RET,W,675,672,0,14,1,76.62,90,12,0,0,0,0,,0.4461,,,,0.042365411936905024,0.75,3039.45,96.57566348371948,4,2024-01-31,CRM-2023-Q4-V2,2024-01-31T00:00:00
A00000330,C0000170,CC,1051.31,1500,135,118,70.08733333333333,RET,W,675,672,0,14,1,76.62,90,12,0,0,0,0,,0.3145,,,,0.038850015212042704,0.75,1275.655,37.16941211648875,4,2024-01-31,CRM-2023-Q4-V2,2024-01-31T00:00:00
A00000332,C0000171,PERS,37613.97,0,106,24,,PREM,NE,801,789,1,12,0,30.27,47,11,1,0,0,185,23,0.3886,,,,0.01934374280154593,0.5,37613.97,363.7974807125323,3,2024-01-31,CRM-2023-Q4-V2,2024-01-31T00:00:00
A00000333,C0000172,CC,5913.13,7500,162,14,78.84173333333334,SMB,MW,795,816,2,6,1,28.32,356,12,0,0,0,0,,0.3191,,,,0.02218192212157902,0.75,6706.5650000000005,111.57337689998072,3,2024-01-31,CRM-2023-Q4-V2,2024-01-31T00:00:00
A00000335,C0000173,MTG,709489.91,0,195,14,,PREM,SW,780,780,1,2,0,2.12,395,12,0,0,0,0,,0.774,824680.18,2021-05-29,0.8603212823666988,0.01994629420594979,0.28825702589335905,709489.91,4079.325362448224,3,2024-01-31,CRM-2023-Q4-V2,2024-01-31T00:00:00
A00000337,C0000174,MTG,286921.78,0,151,14,,RET,SW,549,542,0,18,0,39.11,294,12,0,0,0,0,,0.1364,241085.23,2020-09-23,1.1901259152209367,0.05350097816506306,0.5521007321767494,286921.78,8475.075228485372,4,2024-01-31,CRM-2023-Q4-V2,2024-01-31T00:00:00
A00000339,C0000174,CC,5700.36,15000,22,8,38.002399999999994,RET,SW,549,542,0,18,0,39.11,294,9,3,1,1,128,11,0.6582,,,,0.06776652193684454,0.75,10350.18,526.0467750152172,4,2024-01-31,CRM-2023-Q4-V2,2024-01-31T00:00:00
A00000341,C0000176,MTG,429685.68,0,68,10,,RET,SW,576,575,2,8,0,8.78,210,12,0,0,0,0,,0.5559,448356.61,2023-02-27,0.9583569650060473,0.050782941254253096,0.36668557200483787,429685.68,8001.336831015033,4,2024-01-31,CRM-2023-Q4-V2,2024-01-31T00:00:00
A00000344,C0000178,MTG,557733.42,0,26,78,,RET,SE,684,682,0,6,0,18.47,108,10,2,0,0,62,33,0.5974,587471.86,2023-06-11,0.9493789540830093,0.02913082033600155,0.35950316326640747,557733.42,5840.931317521998,3,2024-01-31,CRM-2023-Q4-V2,2024-01-31T00:00:00
A00000346,C0000179,MTG,407249.67,0,85,100,,PREM,NE,787,794,2,23,0,77.8,270,11,1,0,0,185,33,0.349,601683.97,2021-02-19,0.6768497920926828,0.018757812039480154,0.14147983367414627,407249.67,1080.780403127333,3,2024-01-31,CRM-2023-Q4-V2,2024-01-31T00:00:00
A00000348,C0000180,CC,686.97,1500,74,11,45.798,CORP,NW,666,654,1,3,0,82.74,213,12,0,0,0,0,,0.2436,,,,0.03329696813259202,0.75,1093.4850000000001,27.30730139885054,4,2024-01-31,CRM-2023-Q4-V2,2024-01-31T00:00:00
A00000349,C0000181,HELC,38103.41,250000,61,5,15.241364,PREM,NW,633,638,5,21,0,8.4,270,12,0,0,0,0,,0.0932,59858.74,2020-04-12,0.636555497158811,0.035747563877380484,0.1092443977270488,144051.70500000002,562.5537558393349,4,2024-01-31,CRM-2023-Q4-V2,2024-01-31T00:00:00
A00000350,C0000182,AUTO,46092.89,0,20,12,,SMB,NW,620,611,1,24,0,93.94,346,12,0,0,0,0,,0.8133,104053.22,2022-09-07,0.4429741818657798,0.03894616946407149,0,46092.89,0,4,2024-01-31,CRM-2023-Q4-V2,2024-01-31T00:00:00
A00000351,C0000182,MTG,589461.08,0,34,14,,SMB,NW,620,611,1,24,0,93.94,346,12,0,0,0,0,,0.1333,504272.12,2022-10-14,1.1689345030615612,0.04658138809251191,0.535147602449249,589461.08,14694.037558661905,4,2024-01-31,CRM-2023-Q4-V2,2024-01-31T00:00:00
A00000355,C0000185,CC,722.95,3000,134,5,24.098333333333336,PB,MW,794,775,1,1,0,37.36,301,12,0,0,0,0,,0.286,,,,0.017201187672940498,0.75,1861.4750000000001,24.014685617615186,3,2024-01-31,CRM-2023-Q4-V2,2024-01-31T00:00:00
A00000358,C0000187,CC,15770.04,25000,78,13,63.08016000000001,RET,NE,722,697,1,20,0,69.66,15,7,5,2,2,31,2,0.7285,,,,0.045242865910701,0.75,20385.02,691.7075448352185,4,2024-01-31,CRM-2023-Q4-V2,2024-01-31T00:00:00
A00000359,C0000187,CC,2833.48,7500,126,119,37.77973333333333,RET,NE,722,697,1,20,0,69.66,15,12,0,0,0,0,,0.3819,,,,0.021860733982364235,0.75,5166.74,84.71154652203043,3,2024-01-31,CRM-2023-Q4-V2,2024-01-31T00:00:00
A00000360,C0000187,CC,6191.29,25000,144,68,24.76516,RET,NE,722,697,1,20,0,69.66,15,11,1,1,0,31,33,0.4692,,,,0.020155394965901446,0.75,15595.645,235.75228854223954,3,2024-01-31,CRM-2023-Q4-V2,2024-01-31T00:00:00
A00000361,C0000187,PERS,35261.24,0,51,5,,RET,NE,722,697,1,20,0,69.66,15,12,0,0,0,0,,0.4169,,,,0.0231583082504738,0.5,35261.24,408.2953326069684,3,2024-01-31,CRM-2023-Q4-V2,2024-01-31T00:00:00
A00000362,C0000188,MTG,126499.81,0,41,1,,SMB,NE,665,651,0,19,0,18.55,209,12,0,0,0,0,,0.1051,174300.37,2023-04-18,0.7257575528956135,0.033659952848813235,0.1806060423164908,126499.81,769.0164898295917,4,2024-01-31,CRM-2023-Q4-V2,2024-01-31T00:00:00
A00000368,C0000191,CC,9971.89,10000,203,7,99.7189,SMB,SE,745,746,1,11,1,33.91,285,12,0,0,0,0,,0.7849,,,,0.028353157721638746,0.75,9985.945,212.34980518845737,3,2024-01-31,CRM-2023-Q4-V2,2024-01-31T00:00:00
A00000369,C0000192,CC,988.27,5000,3,9,19.7654,SMB,W,603,591,0,9,0,43.83,232,12,0,0,0,0,,0.6371,,,,0.03865712612950261,0.75,2994.135,86.80849075781872,4,2024-01-31,CRM-2023-Q4-V2,2024-01-31T00:00:00
A00000375,C0000193,MTG,693543.89,0,165,12,,SMB,SW,675,685,8,22,0,65.78,288,12,0,0,0,0,,0.6035,1063533.7,2020-05-19,0.6521127539258982,0.03242070871086247,0.12169020314071854,693543.89,2736.2266616597876,4,2024-01-31,CRM-2023-Q4-V2,2024-01-31T00:00:00
A00000376,C0000194,CC,1408.73,3000,3,1,46.95766666666667,RET,SW,750,751,0,16,2,24.46,200,11,1,1,0,62,26,0.5583,,,,0.023324958971472458,0.75,2204.365,38.562542387362406,3,2024-01-31,CRM-2023-Q4-V2,2024-01-31T00:00:00
A00000378,C0000195,MTG,460583.36,0,148,9,,RET,SW,531,541,0,11,2,80.88,302,12,0,0,0,0,,0.8313,668817.19,2020-06-17,0.6886535915741042,0.046373142235640305,0.15092287325928339,460583.36,3223.5160206251917,4,2024-01-31,CRM-2023-Q4-V2,2024-01-31T00:00:00
A00000381,C0000196,CC,494.64,1500,118,12,32.976,PB,NW,629,630,0,16,0,33.83,184,10,2,0,0,128,10,0.3481,,,,0.03990414213518459,0.75,997.3199999999999,29.84789927569672,4,2024-01-31,CRM-2023-Q4-V2,2024-01-31T00:00:00
A00000383,C0000198,LOC,1371.05,10000,11,8,13.7105,RET,SW,805,797,2,16,0,32.85,117,12,0,0,0,0,,0.2095,,,,0.018359175599242907,0.5,5685.525000000001,52.19077592444277,3,2024-01-31,CRM-2023-Q4-V2,2024-01-31T00:00:00
A00000386,C0000199,AUTO,31629.68,0,117,8,,RET,SE,566,570,0,10,0,76.49,288,11,1,0,0,185,20,0.1071,48585.65,2020-07-24,0.6510086826048432,0.047104486806167994,0.1208069460838746,31629.68,179.9902501538754,4,2024-01-31,CRM-2023-Q4-V2,2024-01-31T00:00:00
A00000387,C0000200,MTG,374621.3,0,125,43,,CORP,NW,555,580,5,23,0,69.72,21,12,0,0,0,0,,0.1744,372975.13,2023-05-29,1.0044136186774706,0.05350097816506306,0.40353089494197647,374621.3,8087.810732706315,4,2024-01-31,CRM-2023-Q4-V2,2024-01-31T00:00:00
A00000388,C0000200,PERS,32703.81,0,86,64,,CORP,NW,555,580,5,23,0,69.72,21,12,0,0,0,0,,0.8873,,,,0.04853207761710067,0.5,32703.81,793.5919226474565,4,2024-01-31,CRM-2023-Q4-V2,2024-01-31T00:00:00
A00000391,C0000202,CC,2039.87,5000,186,394,40.7974,RET,NW,524,520,0,21,0,14.84,272,9,3,1,1,185,20,0.6091,,,,0.06369441623869056,0.75,3519.935,168.15015376735144,4,2024-01-31,CRM-2023-Q4-V2,2024-01-31T00:00:00
A00000392,C0000203,MTG,488867,0,64,6,,RET,NW,517,501,0,8,0,26.01,43,12,0,0,0,0,,0.7993,697920.95,2020-03-20,0.7004618502998083,0.047104486806167994,0.16036948023984668,488867,3692.9609920733824,4,2024-01-31,CRM-2023-Q4-V2,2024-01-31T00:00:00
A00000393,C0000203,CC,1377.69,7500,199,278,18.3692,RET,NW,517,501,0,8,0,26.01,43,12,0,0,0,0,,0.5056,,,,0.04329930520994202,0.75,4438.844999999999,144.1491783259688,4,2024-01-31,CRM-2023-Q4-V2,2024-01-31T00:00:00
A00000395,C0000204,MTG,531992.02,0,167,80,,COMM,W,565,581,1,8,0,68.52,31,12,0,0,0,0,,0.6634,488047.46,2021-10-22,1.0900415709570541,0.05350097816506306,0.47203325676564334,531992.02,13435.05466368713,4,2024-01-31,CRM-2023-Q4-V2,2024-01-31T00:00:00
A00000397,C0000205,CC,17186.53,25000,198,23,68.74612,PB,NE,568,583,1,5,2,75.83,283,12,0,0,0,0,,0.8878,,,,0.05088006376752171,0.75,21093.265,804.9200011989253,4,2024-01-31,CRM-2023-Q4-V2,2024-01-31T00:00:00
A00000400,C0000206,MTG,91647.13,0,168,6,,PREM,MW,820,816,1,18,0,48.16,191,12,0,0,0,0,,0.0649,304901.51,2022-06-03,0.3005794559692407,0.017332695203054287,0,91647.13,0,3,2024-01-31,CRM-2023-Q4-V2,2024-01-31T00:00:00
A00000402,C0000207,CC,1330.77,5000,170,1,26.6154,RET,SE,576,595,0,23,0,18.56,340,10,2,0,0,185,25,0.893,,,,0.04329930520994202,0.75,3165.385,102.79422841647924,4,2024-01-31,CRM-2023-Q4-V2,2024-01-31T00:00:00
A00000404,C0000208,CC,8167.93,15000,187,92,54.452866666666665,RET,MW,683,706,1,19,0,24.1,178,12,0,0,0,0,,0.8962,,,,0.02856034317918137,0.75,11583.965,248.1315118317193,3,2024-01-31,CRM-2023-Q4-V2,2024-01-31T00:00:00
A00000405,C0000208,CC,2154.98,15000,184,13,14.366533333333335,RET,MW,683,706,1,19,0,24.1,178,12,0,0,0,0,,0.4764,,,,0.024220198829546617,0.75,8577.49,155.81138494383583,3,2024-01-31,CRM-2023-Q4-V2,2024-01-31T00:00:00
A00000406,C0000209,AUTO,52369.63,0,103,13,,SMB,MW,544,566,1,6,0,55.25,26,12,0,0,0,0,,0.7053,52734.07,2020-11-30,0.9930890978071671,0.050782941254253096,0.39447127824573375,52369.63,1049.089991336468,4,2024-01-31,CRM-2023-Q4-V2,2024-01-31T00:00:00
A00000407,C0000209,CC,4392.62,10000,87,117,43.9262,SMB,MW,544,566,1,6,0,55.25,26,12,0,0,0,0,,0.2302,,,,0.04760795014266556,0.75,7196.3099999999995,256.9511757683742,4,2024-01-31,CRM-2023-Q4-V2,2024-01-31T00:00:00
A00000409,C0000210,CC,8725.52,15000,107,7,58.17013333333334,SMB,SE,585,560,0,9,0,71.31,165,12,0,0,0,0,,0.4581,,,,0.05167863455104849,0.75,11862.76,459.78842910509707,4,2024-01-31,CRM-2023-Q4-V2,2024-01-31T00:00:00
A00000410,C0000210,PERS,28613.38,0,30,80,,SMB,SE,585,560,0,9,0,71.31,165,11,1,1,0,128,36,0.8235,,,,0.04957592249788785,0.5,28613.38,709.2673546413072,4,2024-01-31,CRM-2023-Q4-V2,2024-01-31T00:00:00
A00000415,C0000214,CC,8202.87,25000,109,6,32.81148,PREM,NE,736,742,1,3,0,37.8,329,12,0,0,0,0,,0.1258,,,,0.022214501998473943,0.75,16601.434999999998,276.59445823877644,3,2024-01-31,CRM-2023-Q4-V2,2024-01-31T00:00:00
A00000420,C0000216,CC,18148.24,25000,124,4,72.59296,PREM,MW,794,799,0,11,2,9.39,235,12,0,0,0,0,,0.3985,,,,0.02218192212157902,0.75,21574.120000000003,358.91658726120033,3,2024-01-31,CRM-2023-Q4-V2,2024-01-31T00:00:00
A00000423,C0000218,CC,2886.08,10000,175,8,28.860799999999998,PREM,SW,631,635,3,1,0,3.2,129,10,2,0,0,185,27,0.4114,,,,0.036266162860211476,0.75,6443.04,175.2482534661427,4,2024-01-31,CRM-2023-Q4-V2,2024-01-31T00:00:00
A00000426,C0000219,CC,7454.97,10000,190,27,74.5497,RET,MW,784,801,2,18,0,12.79,299,11,1,1,0,91,33,0.4389,,,,0.02218192212157902,0.75,8727.485,145.19429444043683,3,2024-01-31,CRM-2023-Q4-V2,2024-01-31T00:00:00
A00000429,C0000220,LOC,9147.76,50000,193,182,18.29552,PREM,NW,625,647,0,6,1,7.37,348,11,1,1,0,31,6,0.6666,,,,0.036266162860211476,0.5,29573.879999999997,536.2655742441755,4,2024-01-31,CRM-2023-Q4-V2,2024-01-31T00:00:00
A00000431,C0000222,PERS,13839.28,0,68,13,,RET,SW,753,736,1,1,2,85.07,163,7,5,4,1,31,5,0.6331,,,,0.03107444515334032,0.5,13839.28,215.0239736608598,4,2024-01-31,CRM-2023-Q4-V2,2024-01-31T00:00:00
A00000435,C0000223,PERS,31665.7,0,30,93,,PREM,W,601,580,0,23,0,3.55,62,12,0,0,0,0,,0.2674,,,,0.041567560776943964,0.5,31665.7,658.1329546472373,4,2024-01-31,CRM-2023-Q4-V2,2024-01-31T00:00:00
A00000437,C0000224,CC,119.42,1500,21,0,7.961333333333333,PB,NW,574,575,0,7,0,5.14,364,9,3,2,1,185,9,0.8727,,,,0.05783387150517253,0.75,809.7099999999999,35.12149807233993,4,2024-01-31,CRM-2023-Q4-V2,2024-01-31T00:00:00
A00000438,C0000225,MTG,352913.13,0,123,17,,RET,W,687,707,0,5,0,51.15,417,12,0,0,0,0,,0.6762,1118414.89,2022-12-08,0.3155475961161426,0.02440403602226843,0,352913.13,0,3,2024-01-31,CRM-2023-Q4-V2,2024-01-31T00:00:00
A00000439,C0000226,AUTO,35772.34,0,7,4,,RET,W,529,551,2,20,1,93.82,128,11,1,0,0,45,19,0.1612,54107.08,2021-07-01,0.6611397251524199,0.049396287502463256,0.12891178012193594,35772.34,227.78979571584372,4,2024-01-31,CRM-2023-Q4-V2,2024-01-31T00:00:00
A00000441,C0000226,AUTO,44413.21,0,174,13,,RET,W,529,551,2,20,1,93.82,128,12,0,0,0,0,,0.4868,63682.78,2021-02-17,0.6974131782563513,0.046373142235640305,0.15793054260508105,44413.21,325.27060343779175,4,2024-01-31,CRM-2023-Q4-V2,2024-01-31T00:00:00
A00000442,C0000226,PERS,14563.5,0,148,7,,RET,W,529,551,2,20,1,93.82,128,12,0,0,0,0,,0.8303,,,,0.04777967963943846,0.5,14563.5,347.919682214481,4,2024-01-31,CRM-2023-Q4-V2,2024-01-31T00:00:00
A00000443,C0000227,AUTO,50811.6,0,115,2,,PREM,NW,589,606,1,11,0,76.53,81,12,0,0,0,0,,0.0925,79328.96,2021-12-31,0.6405176621501151,0.047104486806167994,0.11241412972009207,50811.6,269.0580868582549,4,2024-01-31,CRM-2023-Q4-V2,2024-01-31T00:00:00
A00000445,C0000227,MTG,284649.93,0,141,459,,PREM,NW,589,606,1,11,0,76.53,81,12,0,0,0,0,,0.9415,343799.82,2021-10-04,0.8279525277238364,0.049997481570494655,0.2623620221790692,284649.93,3733.878482728411,4,2024-01-31,CRM-2023-Q4-V2,2024-01-31T00:00:00
A00000448,C0000228,MTG,372150.74,0,65,1,,SMB,SW,574,596,8,9,0,82.84,339,12,0,0,0,0,,0.0865,938607.17,2020-05-08,0.39649253904591414,0.04431144859350694,0,372150.74,0,4,2024-01-31,CRM-2023-Q4-V2,2024-01-31T00:00:00
A00000450,C0000229,MTG,838951.5,0,13,40,,RET,MW,746,738,5,23,0,77.59,243,7,5,0,0,185,31,0.4609,2403406.56,2021-12-21,0.3490676583657157,0.02167161597301173,0,838951.5,0,3,2024-01-31,CRM-2023-Q4-V2,2024-01-31T00:00:00
A00000452,C0000230,PERS,9809.69,0,81,3,,RET,NE,549,539,1,24,0,6.01,16,12,0,0,0,0,,0.6347,,,,0.04853207761710067,0.5,9809.69,238.04231823984816,4,2024-01-31,CRM-2023-Q4-V2,2024-01-31T00:00:00
A00000453,C0000231,CC,9247.51,15000,189,105,61.65006666666667,RET,SW,625,608,0,4,0,60.06,109,12,0,0,0,0,,0.9995,,,,0.0426704927429612,0.75,12123.755000000001,387.9949498087047,4,2024-01-31,CRM-2023-Q4-V2,2024-01-31T00:00:00
A00000456,C0000232,PERS,6277.06,0,10,31,,RET,MW,603,600,5,2,0,35.81,399,12,0,0,0,0,,0.4386,,,,0.04267858172031654,0.5,6277.06,133.94800908666508,4,2024-01-31,CRM-2023-Q4-V2,2024-01-31T00:00:00
A00000461,C0000236,LOC,4422.32,10000,19,29,44.2232,RET,NE,611,597,3,14,0,58.42,205,12,0,0,0,0,,0.6704,,,,0.041861010247948936,0.5,7211.16,150.93322132979972,4,2024-01-31,CRM-2023-Q4-V2,2024-01-31T00:00:00
A00000463,C0000237,LOC,104337.23,100000,96,7,104.33722999999999,CORP,NE,545,564,0,1,2,39.42,375,12,0,0,0,0,,0.072,,,,0.06126807733702479,0.5,102168.61499999999,3129.837302618355,4,2024-01-31,CRM-2023-Q4-V2,2024-01-31T00:00:00
A00000464,C0000237,LOC,20857.43,50000,110,7,41.71486,CORP,NE,545,564,0,1,2,39.42,375,7,5,1,0,62,20,0.0878,,,,0.04760795014266556,0.5,35428.715,843.3442486693536,4,2024-01-31,CRM-2023-Q4-V2,2024-01-31T00:00:00
A00000467,C0000239,CC,7136.77,15000,46,12,47.57846666666667,RET,MW,712,736,3,21,0,75.43,296,12,0,0,0,0,,0.5349,,,,0.027270646044114846,0.75,11068.385,226.3815072112426,3,2024-01-31,CRM-2023-Q4-V2,2024-01-31T00:00:00
A00000469,C0000241,CC,845.83,3000,119,8,28.194333333333333,CORP,SE,652,648,2,20,0,56.47,104,12,0,0,0,0,,0.779,,,,0.030727522962940425,0.75,1922.915,44.31481111371194,4,2024-01-31,CRM-2023-Q4-V2,2024-01-31T00:00:00
A00000470,C0000242,CC,809.23,5000,18,8,16.1846,PREM,SE,572,550,0,23,0,73.76,228,10,2,1,1,91,28,0.6974,,,,0.06270969483977319,0.75,2904.6150000000002,136.61064020777087,4,2024-01-31,CRM-2023-Q4-V2,2024-01-31T00:00:00
A00000474,C0000244,CC,1215.09,3000,191,11,40.50299999999999,SMB,NE,642,647,1,22,0,37.96,74,12,0,0,0,0,,0.4131,,,,0.03277262623605143,0.75,2107.545,51.80233842049426,4,2024-01-31,CRM-2023-Q4-V2,2024-01-31T00:00:00
A00000475,C0000245,CC,378.52,1500,196,753,25.234666666666666,PREM,NE,710,717,1,1,0,11.74,183,11,1,0,0,45,7,0.5977,,,,0.024220198829546617,0.75,939.26,17.061797964479965,3,2024-01-31,CRM-2023-Q4-V2,2024-01-31T00:00:00
A00000476,C0000245,MTG,90100.9,0,141,2,,PREM,NE,710,717,1,1,0,11.74,183,12,0,0,0,0,,0.3253,164475.01,2021-12-31,0.5478090562207596,0.02440403602226843,0.038247244976607676,90100.9,84.09902173739522,3,2024-01-31,CRM-2023-Q4-V2,2024-01-31T00:00:00
A00000478,C0000245,CC,5913.77,15000,185,4,39.425133333333335,PREM,NE,710,717,1,1,0,11.74,183,12,0,0,0,0,,0.8378,,,,0.026260241863462697,0.75,10456.885,205.95024692881137,3,2024-01-31,CRM-2023-Q4-V2,2024-01-31T00:00:00
A00000480,C0000246,MTG,288152.94,0,183,795,,RET,W,669,645,0,17,0,7.86,364,12,0,0,0,0,,0.3697,672242.64,2021-04-09,0.42864424666665,0.03047049704075253,0,288152.94,0,4,2024-01-31,CRM-2023-Q4-V2,2024-01-31T00:00:00
A00000482,C0000247,HELC,19629.49,250000,152,4,7.851796000000001,RET,SW,633,652,3,17,0,84.66,412,12,0,0,0,0,,0.5045,25476.99,2021-09-12,0.770479165709921,0.03237631874593015,0.21638333256793685,134814.745,944.4710856155051,4,2024-01-31,CRM-2023-Q4-V2,2024-01-31T00:00:00
A00000483,C0000248,MTG,200525.74,0,14,92,,PB,SW,741,729,0,2,0,50.4,196,12,0,0,0,0,,0.5066,519314.75,2023-03-08,0.3861352676772612,0.02167161597301173,0,200525.74,0,3,2024-01-31,CRM-2023-Q4-V2,2024-01-31T00:00:00
